date,state,district,village_ward_id,village_ward_name,latitude,longitude,elevation_m,slope_deg,aspect_deg,rainfall_mm_daily,rainfall_mm_1hr_max,rainfall_mm_3day_cum,rainfall_mm_7day_cum,soil_moisture_pct,river_distance_km,river_water_level_m,river_level_change_24hr_m,landslide_history_count,flood_history_count,land_use_type,flash_flood_occurred,lead_time_hours
2023-06-01,Uttarakhand,Rudraprayag,V001,Kedarnath Ward 1,30.7346,79.0669,3583,24.4,342.3,18.6,9.3,18.6,18.6,30.7,0.48,3.68,,2,0,forest,0,
2023-06-02,Uttarakhand,Rudraprayag,V001,Kedarnath Ward 1,30.7346,79.0669,3583,24.4,342.3,4.3,1.6,22.9,22.9,30.2,0.48,3.47,-0.21,2,0,forest,0,
2023-06-03,Uttarakhand,Rudraprayag,V001,Kedarnath Ward 1,30.7346,79.0669,3583,24.4,342.3,3.0,0.9,25.9,25.9,26.9,0.48,3.46,-0.01,2,0,forest,0,
2023-06-04,Uttarakhand,Rudraprayag,V001,Kedarnath Ward 1,30.7346,79.0669,3583,24.4,342.3,8.9,2.4,16.2,34.8,27.2,0.48,3.44,-0.02,2,0,forest,0,
2023-06-05,Uttarakhand,Rudraprayag,V001,Kedarnath Ward 1,30.7346,79.0669,3583,24.4,342.3,4.0,1.0,15.9,38.8,28.0,0.48,3.3,-0.14,2,0,agriculture,0,
2023-06-06,Uttarakhand,Rudraprayag,V001,Kedarnath Ward 1,30.7346,79.0669,3583,24.4,342.3,8.9,3.7,21.8,47.7,28.9,0.48,3.29,-0.01,2,0,barren,0,
2023-06-07,Uttarakhand,Rudraprayag,V001,Kedarnath Ward 1,30.7346,79.0669,3583,24.4,342.3,6.1,3.0,19.0,53.8,28.2,0.48,3.13,-0.16,2,0,agriculture,0,
2023-06-08,Uttarakhand,Rudraprayag,V001,Kedarnath Ward 1,30.7346,79.0669,3583,24.4,342.3,3.1,0.8,18.1,38.3,27.2,0.48,3.06,-0.07,2,0,built-up,0,
2023-06-09,Uttarakhand,Rudraprayag,V001,Kedarnath Ward 1,30.7346,79.0669,3583,24.4,342.3,3.2,1.1,12.4,37.2,25.4,0.48,2.93,-0.13,2,0,forest,0,
2023-06-10,Uttarakhand,Rudraprayag,V001,Kedarnath Ward 1,30.7346,79.0669,3583,24.4,342.3,4.8,2.5,11.1,39.0,23.7,0.48,2.84,-0.09,2,0,built-up,0,
2023-06-11,Uttarakhand,Rudraprayag,V001,Kedarnath Ward 1,30.7346,79.0669,3583,24.4,342.3,8.7,3.5,16.7,38.8,26.4,0.48,2.78,-0.06,2,0,forest,0,
2023-06-12,Uttarakhand,Rudraprayag,V001,Kedarnath Ward 1,30.7346,79.0669,3583,24.4,342.3,6.4,2.2,19.9,41.2,27.2,0.48,2.72,-0.06,2,0,forest,0,
2023-06-13,Uttarakhand,Rudraprayag,V001,Kedarnath Ward 1,30.7346,79.0669,3583,24.4,342.3,17.6,5.9,32.7,49.9,31.0,0.48,2.82,0.1,2,0,built-up,0,
2023-06-14,Uttarakhand,Rudraprayag,V001,Kedarnath Ward 1,30.7346,79.0669,3583,24.4,342.3,14.6,7.6,38.6,58.4,35.1,0.48,2.86,0.04,2,0,built-up,0,
2023-06-15,Uttarakhand,Rudraprayag,V001,Kedarnath Ward 1,30.7346,79.0669,3583,24.4,342.3,3.7,1.8,35.9,59.0,32.7,0.48,2.63,-0.23,2,0,forest,0,
2023-06-16,Uttarakhand,Rudraprayag,V001,Kedarnath Ward 1,30.7346,79.0669,3583,24.4,342.3,8.6,4.6,26.9,64.4,33.1,0.48,2.5,-0.13,2,0,built-up,0,
2023-06-17,Uttarakhand,Rudraprayag,V001,Kedarnath Ward 1,30.7346,79.0669,3583,24.4,342.3,8.1,3.2,20.4,67.7,33.0,0.48,2.42,-0.08,2,0,forest,0,
2023-06-18,Uttarakhand,Rudraprayag,V001,Kedarnath Ward 1,30.7346,79.0669,3583,24.4,342.3,2.7,0.7,19.4,61.7,31.3,0.48,2.32,-0.1,2,0,forest,0,
2023-06-19,Uttarakhand,Rudraprayag,V001,Kedarnath Ward 1,30.7346,79.0669,3583,24.4,342.3,6.5,2.9,17.3,61.8,29.6,0.48,2.24,-0.08,2,0,built-up,0,
2023-06-20,Uttarakhand,Rudraprayag,V001,Kedarnath Ward 1,30.7346,79.0669,3583,24.4,342.3,11.5,5.1,20.7,55.7,30.3,0.48,2.27,0.03,2,0,built-up,0,
2023-06-21,Uttarakhand,Rudraprayag,V001,Kedarnath Ward 1,30.7346,79.0669,3583,24.4,342.3,2.7,1.2,20.7,43.8,27.8,0.48,2.19,-0.08,2,0,forest,0,
2023-06-22,Uttarakhand,Rudraprayag,V001,Kedarnath Ward 1,30.7346,79.0669,3583,24.4,342.3,5.0,2.3,19.2,45.1,27.6,0.48,2.13,-0.06,2,0,forest,0,
2023-06-23,Uttarakhand,Rudraprayag,V001,Kedarnath Ward 1,30.7346,79.0669,3583,24.4,342.3,3.4,1.1,11.1,39.9,25.9,0.48,2.12,-0.01,2,0,agriculture,0,
2023-06-24,Uttarakhand,Rudraprayag,V001,Kedarnath Ward 1,30.7346,79.0669,3583,24.4,342.3,9.8,2.7,18.2,41.6,25.8,0.48,2.19,0.07,2,0,forest,0,
2023-06-25,Uttarakhand,Rudraprayag,V001,Kedarnath Ward 1,30.7346,79.0669,3583,24.4,342.3,9.7,4.3,22.9,48.6,27.4,0.48,2.21,0.02,2,0,forest,0,
2023-06-26,Uttarakhand,Rudraprayag,V001,Kedarnath Ward 1,30.7346,79.0669,3583,24.4,342.3,12.1,3.0,31.6,54.2,29.7,0.48,2.18,-0.03,2,0,agriculture,0,
2023-06-27,Uttarakhand,Rudraprayag,V001,Kedarnath Ward 1,30.7346,79.0669,3583,24.4,342.3,2.2,0.8,24.0,44.9,28.2,0.48,2.14,-0.04,2,0,built-up,0,
2023-06-28,Uttarakhand,Rudraprayag,V001,Kedarnath Ward 1,30.7346,79.0669,3583,24.4,342.3,15.6,4.3,29.9,57.8,30.3,0.48,2.18,0.04,2,0,forest,0,
2023-06-29,Uttarakhand,Rudraprayag,V001,Kedarnath Ward 1,30.7346,79.0669,3583,24.4,342.3,6.3,3.1,24.1,59.1,30.1,0.48,2.28,0.1,2,0,agriculture,0,
2023-06-30,Uttarakhand,Rudraprayag,V001,Kedarnath Ward 1,30.7346,79.0669,3583,24.4,342.3,7.2,2.4,29.1,62.9,30.0,0.48,2.25,-0.03,2,0,forest,0,
2023-07-01,Uttarakhand,Rudraprayag,V001,Kedarnath Ward 1,30.7346,79.0669,3583,24.4,342.3,11.2,4.2,24.7,64.3,32.2,0.48,2.25,0.0,2,0,forest,0,
2023-07-02,Uttarakhand,Rudraprayag,V001,Kedarnath Ward 1,30.7346,79.0669,3583,24.4,342.3,23.1,6.9,41.5,77.7,38.9,0.48,2.42,0.17,2,0,agriculture,0,
2023-07-03,Uttarakhand,Rudraprayag,V001,Kedarnath Ward 1,30.7346,79.0669,3583,24.4,342.3,6.1,1.8,40.4,71.7,37.6,0.48,2.42,0.0,2,0,built-up,0,
2023-07-04,Uttarakhand,Rudraprayag,V001,Kedarnath Ward 1,30.7346,79.0669,3583,24.4,342.3,13.9,5.0,43.1,83.4,40.3,0.48,2.44,0.02,2,0,built-up,0,
2023-07-05,Uttarakhand,Rudraprayag,V001,Kedarnath Ward 1,30.7346,79.0669,3583,24.4,342.3,19.4,8.9,39.4,87.2,47.9,0.48,2.56,0.12,2,0,forest,0,
2023-07-06,Uttarakhand,Rudraprayag,V001,Kedarnath Ward 1,30.7346,79.0669,3583,24.4,342.3,15.2,6.5,48.5,96.1,49.2,0.48,2.59,0.03,2,0,agriculture,0,
2023-07-07,Uttarakhand,Rudraprayag,V001,Kedarnath Ward 1,30.7346,79.0669,3583,24.4,342.3,21.8,10.8,56.4,110.7,51.3,0.48,2.67,0.08,2,0,agriculture,0,
2023-07-08,Uttarakhand,Rudraprayag,V001,Kedarnath Ward 1,30.7346,79.0669,3583,24.4,342.3,10.2,4.4,47.2,109.7,52.6,0.48,2.76,0.09,2,0,agriculture,0,
2023-07-09,Uttarakhand,Rudraprayag,V001,Kedarnath Ward 1,30.7346,79.0669,3583,24.4,342.3,1.4,0.6,33.4,88.0,48.1,0.48,2.6,-0.16,2,0,forest,0,
2023-07-10,Uttarakhand,Rudraprayag,V001,Kedarnath Ward 1,30.7346,79.0669,3583,24.4,342.3,38.9,16.1,50.5,120.8,59.8,0.48,3.0,0.4,2,0,forest,0,
2023-07-11,Uttarakhand,Rudraprayag,V001,Kedarnath Ward 1,30.7346,79.0669,3583,24.4,342.3,49.5,17.6,89.8,156.4,60.0,0.48,3.43,0.43,2,0,forest,0,
2023-07-12,Uttarakhand,Rudraprayag,V001,Kedarnath Ward 1,30.7346,79.0669,3583,24.4,342.3,43.5,13.1,131.9,180.5,60.0,0.48,3.71,0.28,2,0,agriculture,0,
2023-07-13,Uttarakhand,Rudraprayag,V001,Kedarnath Ward 1,30.7346,79.0669,3583,24.4,342.3,9.3,3.7,102.3,174.6,57.8,0.48,3.66,-0.05,2,0,forest,0,
2023-07-14,Uttarakhand,Rudraprayag,V001,Kedarnath Ward 1,30.7346,79.0669,3583,24.4,342.3,172.9,44.6,225.7,325.7,60.0,0.48,5.56,1.9,2,0,agriculture,1,5
2023-07-15,Uttarakhand,Rudraprayag,V001,Kedarnath Ward 1,30.7346,79.0669,3583,24.4,342.3,37.3,19.9,219.5,352.8,60.0,0.48,5.75,0.19,2,0,barren,0,
2023-07-16,Uttarakhand,Rudraprayag,V001,Kedarnath Ward 1,30.7346,79.0669,3583,24.4,342.3,12.2,3.4,222.4,363.6,58.4,0.48,5.62,-0.13,2,0,forest,0,
2023-07-17,Uttarakhand,Rudraprayag,V001,Kedarnath Ward 1,30.7346,79.0669,3583,24.4,342.3,8.1,3.6,57.6,332.8,56.7,0.48,5.45,-0.17,2,0,built-up,0,
2023-07-18,Uttarakhand,Rudraprayag,V001,Kedarnath Ward 1,30.7346,79.0669,3583,24.4,342.3,20.3,9.6,40.6,303.6,57.3,0.48,5.36,-0.09,2,0,built-up,0,
2023-07-19,Uttarakhand,Rudraprayag,V001,Kedarnath Ward 1,30.7346,79.0669,3583,24.4,342.3,19.8,9.4,48.2,279.9,59.3,0.48,5.31,-0.05,2,0,barren,0,
2023-07-20,Uttarakhand,Rudraprayag,V001,Kedarnath Ward 1,30.7346,79.0669,3583,24.4,342.3,16.2,5.6,56.3,286.8,59.6,0.48,5.29,-0.02,2,0,forest,0,
2023-07-21,Uttarakhand,Rudraprayag,V001,Kedarnath Ward 1,30.7346,79.0669,3583,24.4,342.3,17.0,7.5,53.0,130.9,60.0,0.48,5.14,-0.15,2,0,forest,0,
2023-07-22,Uttarakhand,Rudraprayag,V001,Kedarnath Ward 1,30.7346,79.0669,3583,24.4,342.3,9.2,4.5,42.4,102.8,57.0,0.48,4.99,-0.15,2,0,agriculture,0,
2023-07-23,Uttarakhand,Rudraprayag,V001,Kedarnath Ward 1,30.7346,79.0669,3583,24.4,342.3,26.2,7.7,52.4,116.8,60.0,0.48,5.08,0.09,2,0,forest,0,
2023-07-24,Uttarakhand,Rudraprayag,V001,Kedarnath Ward 1,30.7346,79.0669,3583,24.4,342.3,32.8,8.9,68.2,141.5,60.0,0.48,5.27,0.19,2,0,forest,0,
2023-07-25,Uttarakhand,Rudraprayag,V001,Kedarnath Ward 1,30.7346,79.0669,3583,24.4,342.3,3.3,1.8,62.3,124.5,53.9,0.48,5.01,-0.26,2,0,forest,0,
2023-07-26,Uttarakhand,Rudraprayag,V001,Kedarnath Ward 1,30.7346,79.0669,3583,24.4,342.3,32.9,12.4,69.0,137.6,60.0,0.48,5.15,0.14,2,0,agriculture,0,
2023-07-27,Uttarakhand,Rudraprayag,V001,Kedarnath Ward 1,30.7346,79.0669,3583,24.4,342.3,17.0,9.1,53.2,138.4,60.0,0.48,5.03,-0.12,2,0,built-up,0,
2023-07-28,Uttarakhand,Rudraprayag,V001,Kedarnath Ward 1,30.7346,79.0669,3583,24.4,342.3,6.4,1.6,56.3,127.8,56.6,0.48,4.9,-0.13,2,0,barren,0,
2023-07-29,Uttarakhand,Rudraprayag,V001,Kedarnath Ward 1,30.7346,79.0669,3583,24.4,342.3,14.4,6.3,37.8,133.0,55.9,0.48,4.81,-0.09,2,0,agriculture,0,
2023-07-30,Uttarakhand,Rudraprayag,V001,Kedarnath Ward 1,30.7346,79.0669,3583,24.4,342.3,43.2,11.4,64.0,150.0,60.0,0.48,5.13,0.32,2,0,agriculture,0,
2023-07-31,Uttarakhand,Rudraprayag,V001,Kedarnath Ward 1,30.7346,79.0669,3583,24.4,342.3,6.4,2.7,64.0,123.6,56.0,0.48,4.86,-0.27,2,0,built-up,0,
2023-08-01,Uttarakhand,Rudraprayag,V001,Kedarnath Ward 1,30.7346,79.0669,3583,24.4,342.3,17.4,9.1,67.0,137.7,58.1,0.48,4.9,0.04,2,0,agriculture,0,
2023-08-02,Uttarakhand,Rudraprayag,V001,Kedarnath Ward 1,30.7346,79.0669,3583,24.4,342.3,29.6,12.7,53.4,134.4,60.0,0.48,5.03,0.13,2,0,built-up,0,
2023-08-03,Uttarakhand,Rudraprayag,V001,Kedarnath Ward 1,30.7346,79.0669,3583,24.4,342.3,12.5,4.7,59.5,129.9,58.9,0.48,4.92,-0.11,2,0,built-up,0,
2023-08-04,Uttarakhand,Rudraprayag,V001,Kedarnath Ward 1,30.7346,79.0669,3583,24.4,342.3,13.4,6.8,55.5,136.9,58.4,0.48,4.82,-0.1,2,0,forest,0,
2023-08-05,Uttarakhand,Rudraprayag,V001,Kedarnath Ward 1,30.7346,79.0669,3583,24.4,342.3,3.6,1.3,29.5,126.1,54.5,0.48,4.64,-0.18,2,0,agriculture,0,
2023-08-06,Uttarakhand,Rudraprayag,V001,Kedarnath Ward 1,30.7346,79.0669,3583,24.4,342.3,7.0,3.5,24.0,89.9,53.9,0.48,4.58,-0.06,2,0,built-up,0,
2023-08-07,Uttarakhand,Rudraprayag,V001,Kedarnath Ward 1,30.7346,79.0669,3583,24.4,342.3,5.3,2.3,15.9,88.8,50.4,0.48,4.37,-0.21,2,0,forest,0,
2023-08-08,Uttarakhand,Rudraprayag,V001,Kedarnath Ward 1,30.7346,79.0669,3583,24.4,342.3,21.7,9.3,34.0,93.1,52.9,0.48,4.31,-0.06,2,0,barren,0,
2023-08-09,Uttarakhand,Rudraprayag,V001,Kedarnath Ward 1,30.7346,79.0669,3583,24.4,342.3,15.5,6.8,42.5,79.0,51.6,0.48,4.19,-0.12,2,0,agriculture,0,
2023-08-10,Uttarakhand,Rudraprayag,V001,Kedarnath Ward 1,30.7346,79.0669,3583,24.4,342.3,12.8,4.5,50.0,79.3,50.3,0.48,4.17,-0.02,2,0,forest,0,
2023-08-11,Uttarakhand,Rudraprayag,V001,Kedarnath Ward 1,30.7346,79.0669,3583,24.4,342.3,4.9,1.9,33.2,70.8,47.7,0.48,3.97,-0.2,2,0,forest,0,
2023-08-12,Uttarakhand,Rudraprayag,V001,Kedarnath Ward 1,30.7346,79.0669,3583,24.4,342.3,19.2,6.4,36.9,86.4,50.5,0.48,3.95,-0.02,2,0,forest,0,
2023-08-13,Uttarakhand,Rudraprayag,V001,Kedarnath Ward 1,30.7346,79.0669,3583,24.4,342.3,13.9,6.8,38.0,93.3,48.7,0.48,3.89,-0.06,2,0,built-up,0,
2023-08-14,Uttarakhand,Rudraprayag,V001,Kedarnath Ward 1,30.7346,79.0669,3583,24.4,342.3,15.7,5.2,48.8,103.7,50.8,0.48,3.92,0.03,2,0,forest,0,
2023-08-15,Uttarakhand,Rudraprayag,V001,Kedarnath Ward 1,30.7346,79.0669,3583,24.4,342.3,8.4,3.0,38.0,90.4,47.8,0.48,3.91,-0.01,2,0,forest,0,
2023-08-16,Uttarakhand,Rudraprayag,V001,Kedarnath Ward 1,30.7346,79.0669,3583,24.4,342.3,10.9,5.7,35.0,85.8,50.5,0.48,3.9,-0.01,2,0,forest,0,
2023-08-17,Uttarakhand,Rudraprayag,V001,Kedarnath Ward 1,30.7346,79.0669,3583,24.4,342.3,36.1,13.1,55.4,109.1,57.4,0.48,4.1,0.2,2,0,forest,0,
2023-08-18,Uttarakhand,Rudraprayag,V001,Kedarnath Ward 1,30.7346,79.0669,3583,24.4,342.3,5.0,2.3,52.0,109.2,53.7,0.48,4.03,-0.07,2,0,forest,0,
2023-08-19,Uttarakhand,Rudraprayag,V001,Kedarnath Ward 1,30.7346,79.0669,3583,24.4,342.3,56.0,16.1,97.1,146.0,60.0,0.48,4.46,0.43,2,0,agriculture,0,
2023-08-20,Uttarakhand,Rudraprayag,V001,Kedarnath Ward 1,30.7346,79.0669,3583,24.4,342.3,3.5,1.9,64.5,135.6,54.0,0.48,4.31,-0.15,2,0,forest,0,
2023-08-21,Uttarakhand,Rudraprayag,V001,Kedarnath Ward 1,30.7346,79.0669,3583,24.4,342.3,9.1,3.1,68.6,129.0,51.6,0.48,4.2,-0.11,2,0,agriculture,0,
2023-08-22,Uttarakhand,Rudraprayag,V001,Kedarnath Ward 1,30.7346,79.0669,3583,24.4,342.3,6.5,2.4,19.1,127.1,48.5,0.48,4.11,-0.09,2,0,forest,0,
2023-08-23,Uttarakhand,Rudraprayag,V001,Kedarnath Ward 1,30.7346,79.0669,3583,24.4,342.3,19.6,6.5,35.2,135.8,51.7,0.48,4.1,-0.01,2,0,forest,0,
2023-08-24,Uttarakhand,Rudraprayag,V001,Kedarnath Ward 1,30.7346,79.0669,3583,24.4,342.3,20.1,6.5,46.2,119.8,54.8,0.48,4.1,0.0,2,0,forest,0,
2023-08-25,Uttarakhand,Rudraprayag,V001,Kedarnath Ward 1,30.7346,79.0669,3583,24.4,342.3,4.7,1.2,44.4,119.5,51.5,0.48,3.9,-0.2,2,0,forest,0,
2023-08-26,Uttarakhand,Rudraprayag,V001,Kedarnath Ward 1,30.7346,79.0669,3583,24.4,342.3,9.7,4.8,34.5,73.2,51.1,0.48,3.77,-0.13,2,0,built-up,0,
2023-08-27,Uttarakhand,Rudraprayag,V001,Kedarnath Ward 1,30.7346,79.0669,3583,24.4,342.3,7.2,3.8,21.6,76.9,51.3,0.48,3.68,-0.09,2,0,barren,0,
2023-08-28,Uttarakhand,Rudraprayag,V001,Kedarnath Ward 1,30.7346,79.0669,3583,24.4,342.3,8.0,3.8,24.9,75.8,50.5,0.48,3.61,-0.07,2,0,forest,0,
2023-08-29,Uttarakhand,Rudraprayag,V001,Kedarnath Ward 1,30.7346,79.0669,3583,24.4,342.3,8.1,4.0,23.3,77.4,49.3,0.48,3.54,-0.07,2,0,forest,0,
2023-08-30,Uttarakhand,Rudraprayag,V001,Kedarnath Ward 1,30.7346,79.0669,3583,24.4,342.3,48.3,23.9,64.4,106.1,60.0,0.48,3.89,0.35,2,0,agriculture,0,
2023-08-31,Uttarakhand,Rudraprayag,V001,Kedarnath Ward 1,30.7346,79.0669,3583,24.4,342.3,27.4,14.2,83.8,113.4,60.0,0.48,4.07,0.18,2,0,barren,0,
2023-09-01,Uttarakhand,Rudraprayag,V001,Kedarnath Ward 1,30.7346,79.0669,3583,24.4,342.3,0.5,0.3,76.2,109.2,52.7,0.48,3.93,-0.14,2,0,forest,0,
2023-09-02,Uttarakhand,Rudraprayag,V001,Kedarnath Ward 1,30.7346,79.0669,3583,24.4,342.3,9.7,4.7,37.6,109.2,52.6,0.48,3.83,-0.1,2,0,forest,0,
2023-09-03,Uttarakhand,Rudraprayag,V001,Kedarnath Ward 1,30.7346,79.0669,3583,24.4,342.3,3.2,1.3,13.4,105.2,49.1,0.48,3.69,-0.14,2,0,forest,0,
2023-09-04,Uttarakhand,Rudraprayag,V001,Kedarnath Ward 1,30.7346,79.0669,3583,24.4,342.3,15.8,7.4,28.7,113.0,50.0,0.48,3.74,0.05,2,0,agriculture,0,
2023-09-05,Uttarakhand,Rudraprayag,V001,Kedarnath Ward 1,30.7346,79.0669,3583,24.4,342.3,16.4,5.8,35.4,121.3,49.8,0.48,3.82,0.08,2,0,agriculture,0,
2023-09-06,Uttarakhand,Rudraprayag,V001,Kedarnath Ward 1,30.7346,79.0669,3583,24.4,342.3,7.6,3.9,39.8,80.6,50.5,0.48,3.73,-0.09,2,0,agriculture,0,
2023-09-07,Uttarakhand,Rudraprayag,V001,Kedarnath Ward 1,30.7346,79.0669,3583,24.4,342.3,11.2,3.3,35.2,64.4,51.8,0.48,3.74,0.01,2,0,agriculture,0,
2023-09-08,Uttarakhand,Rudraprayag,V001,Kedarnath Ward 1,30.7346,79.0669,3583,24.4,342.3,7.7,2.2,26.5,71.6,49.8,0.48,3.65,-0.09,2,0,agriculture,0,
2023-09-09,Uttarakhand,Rudraprayag,V001,Kedarnath Ward 1,30.7346,79.0669,3583,24.4,342.3,14.1,4.9,33.0,76.0,49.4,0.48,3.55,-0.1,2,0,agriculture,0,
2023-09-10,Uttarakhand,Rudraprayag,V001,Kedarnath Ward 1,30.7346,79.0669,3583,24.4,342.3,5.5,2.1,27.3,78.3,47.3,0.48,3.43,-0.12,2,0,forest,0,
2023-09-11,Uttarakhand,Rudraprayag,V001,Kedarnath Ward 1,30.7346,79.0669,3583,24.4,342.3,1.5,0.6,21.1,64.0,43.0,0.48,3.31,-0.12,2,0,agriculture,0,
2023-09-12,Uttarakhand,Rudraprayag,V001,Kedarnath Ward 1,30.7346,79.0669,3583,24.4,342.3,2.7,1.0,9.7,50.3,40.3,0.48,3.31,0.0,2,0,forest,0,
2023-09-13,Uttarakhand,Rudraprayag,V001,Kedarnath Ward 1,30.7346,79.0669,3583,24.4,342.3,7.0,3.6,11.2,49.7,38.5,0.48,3.2,-0.11,2,0,forest,0,
2023-09-14,Uttarakhand,Rudraprayag,V001,Kedarnath Ward 1,30.7346,79.0669,3583,24.4,342.3,30.7,11.8,40.4,69.2,45.8,0.48,3.27,0.07,2,0,agriculture,0,
2023-09-15,Uttarakhand,Rudraprayag,V001,Kedarnath Ward 1,30.7346,79.0669,3583,24.4,342.3,14.0,4.3,51.7,75.5,45.4,0.48,3.24,-0.03,2,0,agriculture,0,
2023-09-16,Uttarakhand,Rudraprayag,V001,Kedarnath Ward 1,30.7346,79.0669,3583,24.4,342.3,5.0,2.2,49.7,66.4,42.8,0.48,3.17,-0.07,2,0,forest,0,
2023-09-17,Uttarakhand,Rudraprayag,V001,Kedarnath Ward 1,30.7346,79.0669,3583,24.4,342.3,2.4,0.7,21.4,63.3,38.2,0.48,3.08,-0.09,2,0,forest,0,
2023-09-18,Uttarakhand,Rudraprayag,V001,Kedarnath Ward 1,30.7346,79.0669,3583,24.4,342.3,11.8,4.4,19.2,73.6,38.2,0.48,3.01,-0.07,2,0,forest,0,
2023-09-19,Uttarakhand,Rudraprayag,V001,Kedarnath Ward 1,30.7346,79.0669,3583,24.4,342.3,10.4,2.9,24.6,81.3,38.9,0.48,2.92,-0.09,2,0,agriculture,0,
2023-09-20,Uttarakhand,Rudraprayag,V001,Kedarnath Ward 1,30.7346,79.0669,3583,24.4,342.3,2.1,0.7,24.3,76.4,35.0,0.48,2.74,-0.18,2,0,agriculture,0,
2023-09-21,Uttarakhand,Rudraprayag,V001,Kedarnath Ward 1,30.7346,79.0669,3583,24.4,342.3,20.5,10.9,33.0,66.2,39.1,0.48,2.87,0.13,2,0,built-up,0,
2023-09-22,Uttarakhand,Rudraprayag,V001,Kedarnath Ward 1,30.7346,79.0669,3583,24.4,342.3,13.0,3.4,35.6,65.2,40.4,0.48,2.9,0.03,2,0,agriculture,0,
2023-09-23,Uttarakhand,Rudraprayag,V001,Kedarnath Ward 1,30.7346,79.0669,3583,24.4,342.3,1.2,0.6,34.7,61.4,36.8,0.48,2.78,-0.12,2,0,forest,0,
2023-09-24,Uttarakhand,Rudraprayag,V001,Kedarnath Ward 1,30.7346,79.0669,3583,24.4,342.3,1.3,0.6,15.5,60.3,34.2,0.48,2.67,-0.11,2,0,agriculture,0,
2023-09-25,Uttarakhand,Rudraprayag,V001,Kedarnath Ward 1,30.7346,79.0669,3583,24.4,342.3,13.1,6.9,15.6,61.6,34.2,0.48,2.63,-0.04,2,0,agriculture,0,
2023-09-26,Uttarakhand,Rudraprayag,V001,Kedarnath Ward 1,30.7346,79.0669,3583,24.4,342.3,5.0,1.8,19.4,56.2,33.0,0.48,2.51,-0.12,2,0,built-up,0,
2023-09-27,Uttarakhand,Rudraprayag,V001,Kedarnath Ward 1,30.7346,79.0669,3583,24.4,342.3,1.8,0.7,19.9,55.9,30.9,0.48,2.42,-0.09,2,0,built-up,0,
2023-09-28,Uttarakhand,Rudraprayag,V001,Kedarnath Ward 1,30.7346,79.0669,3583,24.4,342.3,10.3,4.4,17.1,45.7,30.5,0.48,2.48,0.06,2,0,forest,0,
2023-09-29,Uttarakhand,Rudraprayag,V001,Kedarnath Ward 1,30.7346,79.0669,3583,24.4,342.3,3.7,1.5,15.8,36.4,28.2,0.48,2.49,0.01,2,0,forest,0,
2023-09-30,Uttarakhand,Rudraprayag,V001,Kedarnath Ward 1,30.7346,79.0669,3583,24.4,342.3,9.6,4.1,23.6,44.8,29.8,0.48,2.44,-0.05,2,0,barren,0,
2023-10-01,Uttarakhand,Rudraprayag,V001,Kedarnath Ward 1,30.7346,79.0669,3583,24.4,342.3,5.5,2.1,18.8,49.0,29.2,0.48,2.32,-0.12,2,0,built-up,0,
2023-10-02,Uttarakhand,Rudraprayag,V001,Kedarnath Ward 1,30.7346,79.0669,3583,24.4,342.3,11.8,6.0,26.9,47.7,31.6,0.48,2.34,0.02,2,0,forest,0,
2023-10-03,Uttarakhand,Rudraprayag,V001,Kedarnath Ward 1,30.7346,79.0669,3583,24.4,342.3,9.1,4.8,26.4,51.8,32.3,0.48,2.36,0.02,2,0,barren,0,
2023-10-04,Uttarakhand,Rudraprayag,V001,Kedarnath Ward 1,30.7346,79.0669,3583,24.4,342.3,5.6,2.9,26.5,55.6,30.9,0.48,2.35,-0.01,2,0,built-up,0,
2023-10-05,Uttarakhand,Rudraprayag,V001,Kedarnath Ward 1,30.7346,79.0669,3583,24.4,342.3,7.2,2.0,21.9,52.5,30.2,0.48,2.27,-0.08,2,0,built-up,0,
2023-10-06,Uttarakhand,Rudraprayag,V001,Kedarnath Ward 1,30.7346,79.0669,3583,24.4,342.3,15.7,6.5,28.5,64.5,32.8,0.48,2.4,0.13,2,0,agriculture,0,
2023-10-07,Uttarakhand,Rudraprayag,V001,Kedarnath Ward 1,30.7346,79.0669,3583,24.4,342.3,8.1,4.2,31.0,63.0,33.7,0.48,2.41,0.01,2,0,built-up,0,
2023-10-08,Uttarakhand,Rudraprayag,V001,Kedarnath Ward 1,30.7346,79.0669,3583,24.4,342.3,6.9,3.3,30.7,64.4,32.5,0.48,2.25,-0.16,2,0,agriculture,0,
2023-10-09,Uttarakhand,Rudraprayag,V001,Kedarnath Ward 1,30.7346,79.0669,3583,24.4,342.3,4.6,1.5,19.6,57.2,32.6,0.48,2.18,-0.07,2,0,forest,0,
2023-10-10,Uttarakhand,Rudraprayag,V001,Kedarnath Ward 1,30.7346,79.0669,3583,24.4,342.3,3.3,0.9,14.8,51.4,28.7,0.48,2.05,-0.13,2,0,agriculture,0,
2023-06-01,Uttarakhand,Rudraprayag,V002,Sonprayag,30.6748,79.0439,1829,20.5,342.0,8.8,3.9,8.8,8.8,26.3,4.73,2.76,,1,1,forest,0,
2023-06-02,Uttarakhand,Rudraprayag,V002,Sonprayag,30.6748,79.0439,1829,20.5,342.0,4.3,1.5,13.1,13.1,24.8,4.73,2.75,-0.01,1,1,agriculture,0,
2023-06-03,Uttarakhand,Rudraprayag,V002,Sonprayag,30.6748,79.0439,1829,20.5,342.0,4.1,1.3,17.2,17.2,24.2,4.73,2.59,-0.16,1,1,agriculture,0,
2023-06-04,Uttarakhand,Rudraprayag,V002,Sonprayag,30.6748,79.0439,1829,20.5,342.0,3.2,0.9,11.6,20.4,23.2,4.73,2.51,-0.08,1,1,agriculture,0,
2023-06-05,Uttarakhand,Rudraprayag,V002,Sonprayag,30.6748,79.0439,1829,20.5,342.0,8.5,3.2,15.8,28.9,22.9,4.73,2.45,-0.06,1,1,built-up,0,
2023-06-06,Uttarakhand,Rudraprayag,V002,Sonprayag,30.6748,79.0439,1829,20.5,342.0,3.2,0.9,14.9,32.1,21.9,4.73,2.36,-0.09,1,1,agriculture,0,
2023-06-07,Uttarakhand,Rudraprayag,V002,Sonprayag,30.6748,79.0439,1829,20.5,342.0,14.9,5.3,26.6,47.0,26.4,4.73,2.52,0.16,1,1,forest,0,
2023-06-08,Uttarakhand,Rudraprayag,V002,Sonprayag,30.6748,79.0439,1829,20.5,342.0,8.0,4.1,26.1,46.2,27.2,4.73,2.53,0.01,1,1,agriculture,0,
2023-06-09,Uttarakhand,Rudraprayag,V002,Sonprayag,30.6748,79.0439,1829,20.5,342.0,9.6,4.6,32.5,51.5,28.2,4.73,2.52,-0.01,1,1,forest,0,
2023-06-10,Uttarakhand,Rudraprayag,V002,Sonprayag,30.6748,79.0439,1829,20.5,342.0,3.7,1.5,21.3,51.1,27.3,4.73,2.45,-0.07,1,1,agriculture,0,
2023-06-11,Uttarakhand,Rudraprayag,V002,Sonprayag,30.6748,79.0439,1829,20.5,342.0,6.9,2.8,20.2,54.8,27.1,4.73,2.42,-0.03,1,1,built-up,0,
2023-06-12,Uttarakhand,Rudraprayag,V002,Sonprayag,30.6748,79.0439,1829,20.5,342.0,9.8,5.2,20.4,56.1,28.4,4.73,2.4,-0.02,1,1,forest,0,
2023-06-13,Uttarakhand,Rudraprayag,V002,Sonprayag,30.6748,79.0439,1829,20.5,342.0,7.7,3.3,24.4,60.6,29.8,4.73,2.29,-0.11,1,1,forest,0,
2023-06-14,Uttarakhand,Rudraprayag,V002,Sonprayag,30.6748,79.0439,1829,20.5,342.0,8.7,3.0,26.2,54.4,29.8,4.73,2.36,0.07,1,1,agriculture,0,
2023-06-15,Uttarakhand,Rudraprayag,V002,Sonprayag,30.6748,79.0439,1829,20.5,342.0,6.3,3.5,22.7,52.7,27.9,4.73,2.21,-0.15,1,1,forest,0,
2023-06-16,Uttarakhand,Rudraprayag,V002,Sonprayag,30.6748,79.0439,1829,20.5,342.0,10.6,4.8,25.6,53.7,30.3,4.73,2.16,-0.05,1,1,barren,0,
2023-06-17,Uttarakhand,Rudraprayag,V002,Sonprayag,30.6748,79.0439,1829,20.5,342.0,12.3,6.5,29.2,62.3,34.1,4.73,2.15,-0.01,1,1,forest,0,
2023-06-18,Uttarakhand,Rudraprayag,V002,Sonprayag,30.6748,79.0439,1829,20.5,342.0,12.5,3.2,35.4,67.9,35.4,4.73,2.13,-0.02,1,1,built-up,0,
2023-06-19,Uttarakhand,Rudraprayag,V002,Sonprayag,30.6748,79.0439,1829,20.5,342.0,17.2,5.3,42.0,75.3,39.1,4.73,2.25,0.12,1,1,built-up,0,
2023-06-20,Uttarakhand,Rudraprayag,V002,Sonprayag,30.6748,79.0439,1829,20.5,342.0,9.3,2.4,39.0,76.9,39.6,4.73,2.26,0.01,1,1,built-up,0,
2023-06-21,Uttarakhand,Rudraprayag,V002,Sonprayag,30.6748,79.0439,1829,20.5,342.0,11.0,3.2,37.5,79.2,39.3,4.73,2.37,0.11,1,1,forest,0,
2023-06-22,Uttarakhand,Rudraprayag,V002,Sonprayag,30.6748,79.0439,1829,20.5,342.0,3.5,1.7,23.8,76.4,36.8,4.73,2.27,-0.1,1,1,forest,0,
2023-06-23,Uttarakhand,Rudraprayag,V002,Sonprayag,30.6748,79.0439,1829,20.5,342.0,0.9,0.4,15.4,66.7,31.9,4.73,2.21,-0.06,1,1,agriculture,0,
2023-06-24,Uttarakhand,Rudraprayag,V002,Sonprayag,30.6748,79.0439,1829,20.5,342.0,8.8,2.5,13.2,63.2,32.7,4.73,2.2,-0.01,1,1,agriculture,0,
2023-06-25,Uttarakhand,Rudraprayag,V002,Sonprayag,30.6748,79.0439,1829,20.5,342.0,2.3,0.6,12.0,53.0,30.6,4.73,2.02,-0.18,1,1,forest,0,
2023-06-26,Uttarakhand,Rudraprayag,V002,Sonprayag,30.6748,79.0439,1829,20.5,342.0,5.4,1.6,16.5,41.2,29.6,4.73,2.07,0.05,1,1,built-up,0,
2023-06-27,Uttarakhand,Rudraprayag,V002,Sonprayag,30.6748,79.0439,1829,20.5,342.0,10.6,3.0,18.3,42.5,32.2,4.73,2.14,0.07,1,1,forest,0,
2023-06-28,Uttarakhand,Rudraprayag,V002,Sonprayag,30.6748,79.0439,1829,20.5,342.0,21.1,10.3,37.1,52.6,37.8,4.73,2.34,0.2,1,1,forest,0,
2023-06-29,Uttarakhand,Rudraprayag,V002,Sonprayag,30.6748,79.0439,1829,20.5,342.0,4.3,2.1,36.0,53.4,37.8,4.73,2.24,-0.1,1,1,agriculture,0,
2023-06-30,Uttarakhand,Rudraprayag,V002,Sonprayag,30.6748,79.0439,1829,20.5,342.0,4.9,1.5,30.3,57.4,36.2,4.73,2.17,-0.07,1,1,barren,0,
2023-07-01,Uttarakhand,Rudraprayag,V002,Sonprayag,30.6748,79.0439,1829,20.5,342.0,18.2,8.9,27.4,66.8,39.8,4.73,2.39,0.22,1,1,agriculture,0,
2023-07-02,Uttarakhand,Rudraprayag,V002,Sonprayag,30.6748,79.0439,1829,20.5,342.0,22.7,7.0,45.8,87.2,44.4,4.73,2.55,0.16,1,1,forest,0,
2023-07-03,Uttarakhand,Rudraprayag,V002,Sonprayag,30.6748,79.0439,1829,20.5,342.0,10.8,5.1,51.7,92.6,42.7,4.73,2.46,-0.09,1,1,forest,0,
2023-07-04,Uttarakhand,Rudraprayag,V002,Sonprayag,30.6748,79.0439,1829,20.5,342.0,6.0,3.1,39.5,88.0,39.2,4.73,2.51,0.05,1,1,built-up,0,
2023-07-05,Uttarakhand,Rudraprayag,V002,Sonprayag,30.6748,79.0439,1829,20.5,342.0,27.9,9.3,44.7,94.8,46.4,4.73,2.76,0.25,1,1,forest,0,
2023-07-06,Uttarakhand,Rudraprayag,V002,Sonprayag,30.6748,79.0439,1829,20.5,342.0,15.3,7.2,49.2,105.8,48.3,4.73,2.77,0.01,1,1,barren,0,
2023-07-07,Uttarakhand,Rudraprayag,V002,Sonprayag,30.6748,79.0439,1829,20.5,342.0,8.4,4.3,51.6,109.3,46.2,4.73,2.65,-0.12,1,1,built-up,0,
2023-07-08,Uttarakhand,Rudraprayag,V002,Sonprayag,30.6748,79.0439,1829,20.5,342.0,12.8,4.6,36.5,103.9,45.5,4.73,2.69,0.04,1,1,forest,0,
2023-07-09,Uttarakhand,Rudraprayag,V002,Sonprayag,30.6748,79.0439,1829,20.5,342.0,3.9,2.1,25.1,85.1,43.7,4.73,2.52,-0.17,1,1,forest,0,
2023-07-10,Uttarakhand,Rudraprayag,V002,Sonprayag,30.6748,79.0439,1829,20.5,342.0,10.7,3.8,27.4,85.0,43.4,4.73,2.59,0.07,1,1,forest,0,
2023-07-11,Uttarakhand,Rudraprayag,V002,Sonprayag,30.6748,79.0439,1829,20.5,342.0,35.6,9.3,50.2,114.6,54.1,4.73,2.93,0.34,1,1,agriculture,0,
2023-07-12,Uttarakhand,Rudraprayag,V002,Sonprayag,30.6748,79.0439,1829,20.5,342.0,30.4,12.9,76.7,117.1,60.0,4.73,3.16,0.23,1,1,forest,0,
2023-07-13,Uttarakhand,Rudraprayag,V002,Sonprayag,30.6748,79.0439,1829,20.5,342.0,12.6,3.3,78.6,114.4,59.0,4.73,3.15,-0.01,1,1,barren,0,
2023-07-14,Uttarakhand,Rudraprayag,V002,Sonprayag,30.6748,79.0439,1829,20.5,342.0,5.2,1.4,48.2,111.2,55.3,4.73,3.08,-0.07,1,1,built-up,0,
2023-07-15,Uttarakhand,Rudraprayag,V002,Sonprayag,30.6748,79.0439,1829,20.5,342.0,26.5,7.7,44.3,124.9,57.5,4.73,3.2,0.12,1,1,agriculture,0,
2023-07-16,Uttarakhand,Rudraprayag,V002,Sonprayag,30.6748,79.0439,1829,20.5,342.0,21.2,9.6,52.9,142.2,60.0,4.73,3.28,0.08,1,1,forest,0,
2023-07-17,Uttarakhand,Rudraprayag,V002,Sonprayag,30.6748,79.0439,1829,20.5,342.0,24.5,9.8,72.2,156.0,60.0,4.73,3.46,0.18,1,1,agriculture,0,
2023-07-18,Uttarakhand,Rudraprayag,V002,Sonprayag,30.6748,79.0439,1829,20.5,342.0,16.8,7.7,62.5,137.2,59.6,4.73,3.52,0.06,1,1,agriculture,0,
2023-07-19,Uttarakhand,Rudraprayag,V002,Sonprayag,30.6748,79.0439,1829,20.5,342.0,38.3,21.1,79.6,145.1,60.0,4.73,3.86,0.34,1,1,built-up,0,
2023-07-20,Uttarakhand,Rudraprayag,V002,Sonprayag,30.6748,79.0439,1829,20.5,342.0,10.9,5.6,66.0,143.4,56.7,4.73,3.75,-0.11,1,1,agriculture,0,
2023-07-21,Uttarakhand,Rudraprayag,V002,Sonprayag,30.6748,79.0439,1829,20.5,342.0,20.5,10.2,69.7,158.7,59.9,4.73,3.81,0.06,1,1,forest,0,
2023-07-22,Uttarakhand,Rudraprayag,V002,Sonprayag,30.6748,79.0439,1829,20.5,342.0,5.3,1.9,36.7,137.5,55.1,4.73,3.76,-0.05,1,1,agriculture,0,
2023-07-23,Uttarakhand,Rudraprayag,V002,Sonprayag,30.6748,79.0439,1829,20.5,342.0,7.8,3.3,33.6,124.1,51.4,4.73,3.72,-0.04,1,1,agriculture,0,
2023-07-24,Uttarakhand,Rudraprayag,V002,Sonprayag,30.6748,79.0439,1829,20.5,342.0,36.3,14.7,49.4,135.9,60.0,4.73,3.97,0.25,1,1,forest,0,
2023-07-25,Uttarakhand,Rudraprayag,V002,Sonprayag,30.6748,79.0439,1829,20.5,342.0,3.5,1.5,47.6,122.6,53.8,4.73,3.85,-0.12,1,1,built-up,0,
2023-07-26,Uttarakhand,Rudraprayag,V002,Sonprayag,30.6748,79.0439,1829,20.5,342.0,20.2,6.2,60.0,104.5,56.2,4.73,3.92,0.07,1,1,barren,0,
2023-07-27,Uttarakhand,Rudraprayag,V002,Sonprayag,30.6748,79.0439,1829,20.5,342.0,7.0,2.3,30.7,100.6,53.1,4.73,3.85,-0.07,1,1,agriculture,0,
2023-07-28,Uttarakhand,Rudraprayag,V002,Sonprayag,30.6748,79.0439,1829,20.5,342.0,7.9,3.7,35.1,88.0,50.4,4.73,3.68,-0.17,1,1,forest,0,
2023-07-29,Uttarakhand,Rudraprayag,V002,Sonprayag,30.6748,79.0439,1829,20.5,342.0,19.9,9.2,34.8,102.6,52.3,4.73,3.74,0.06,1,1,forest,0,
2023-07-30,Uttarakhand,Rudraprayag,V002,Sonprayag,30.6748,79.0439,1829,20.5,342.0,5.8,2.9,33.6,100.6,48.8,4.73,3.62,-0.12,1,1,agriculture,0,
2023-07-31,Uttarakhand,Rudraprayag,V002,Sonprayag,30.6748,79.0439,1829,20.5,342.0,14.6,4.7,40.3,78.9,50.3,4.73,3.64,0.02,1,1,agriculture,0,
2023-08-01,Uttarakhand,Rudraprayag,V002,Sonprayag,30.6748,79.0439,1829,20.5,342.0,3.9,1.4,24.3,79.3,47.6,4.73,3.47,-0.17,1,1,forest,0,
2023-08-02,Uttarakhand,Rudraprayag,V002,Sonprayag,30.6748,79.0439,1829,20.5,342.0,10.5,4.6,29.0,69.6,48.3,4.73,3.54,0.07,1,1,forest,0,
2023-08-03,Uttarakhand,Rudraprayag,V002,Sonprayag,30.6748,79.0439,1829,20.5,342.0,4.2,1.3,18.6,66.8,46.4,4.73,3.49,-0.05,1,1,agriculture,0,
2023-08-04,Uttarakhand,Rudraprayag,V002,Sonprayag,30.6748,79.0439,1829,20.5,342.0,8.4,4.6,23.1,67.3,43.7,4.73,3.44,-0.05,1,1,agriculture,0,
2023-08-05,Uttarakhand,Rudraprayag,V002,Sonprayag,30.6748,79.0439,1829,20.5,342.0,6.8,3.1,19.4,54.2,42.4,4.73,3.32,-0.12,1,1,agriculture,0,
2023-08-06,Uttarakhand,Rudraprayag,V002,Sonprayag,30.6748,79.0439,1829,20.5,342.0,9.8,3.0,25.0,58.2,41.9,4.73,3.22,-0.1,1,1,forest,0,
2023-08-07,Uttarakhand,Rudraprayag,V002,Sonprayag,30.6748,79.0439,1829,20.5,342.0,7.3,2.0,23.9,50.9,39.9,4.73,3.18,-0.04,1,1,agriculture,0,
2023-08-08,Uttarakhand,Rudraprayag,V002,Sonprayag,30.6748,79.0439,1829,20.5,342.0,17.1,6.0,34.2,64.1,43.6,4.73,3.26,0.08,1,1,built-up,0,
2023-08-09,Uttarakhand,Rudraprayag,V002,Sonprayag,30.6748,79.0439,1829,20.5,342.0,45.2,18.9,69.6,98.8,56.4,4.73,3.67,0.41,1,1,agriculture,0,
2023-08-10,Uttarakhand,Rudraprayag,V002,Sonprayag,30.6748,79.0439,1829,20.5,342.0,12.2,5.5,74.5,106.8,54.7,4.73,3.61,-0.06,1,1,forest,0,
2023-08-11,Uttarakhand,Rudraprayag,V002,Sonprayag,30.6748,79.0439,1829,20.5,342.0,14.1,6.2,71.5,112.5,55.6,4.73,3.61,0.0,1,1,forest,0,
2023-08-12,Uttarakhand,Rudraprayag,V002,Sonprayag,30.6748,79.0439,1829,20.5,342.0,10.4,4.8,36.7,116.1,53.5,4.73,3.48,-0.13,1,1,forest,0,
2023-08-13,Uttarakhand,Rudraprayag,V002,Sonprayag,30.6748,79.0439,1829,20.5,342.0,14.3,5.5,38.8,120.6,54.5,4.73,3.5,0.02,1,1,barren,0,
2023-08-14,Uttarakhand,Rudraprayag,V002,Sonprayag,30.6748,79.0439,1829,20.5,342.0,59.2,29.9,83.9,172.5,60.0,4.73,4.03,0.53,1,1,forest,0,
2023-08-15,Uttarakhand,Rudraprayag,V002,Sonprayag,30.6748,79.0439,1829,20.5,342.0,20.1,7.5,93.6,175.5,60.0,4.73,4.1,0.07,1,1,forest,0,
2023-08-16,Uttarakhand,Rudraprayag,V002,Sonprayag,30.6748,79.0439,1829,20.5,342.0,6.0,3.0,85.3,136.3,56.4,4.73,4.01,-0.09,1,1,agriculture,0,
2023-08-17,Uttarakhand,Rudraprayag,V002,Sonprayag,30.6748,79.0439,1829,20.5,342.0,7.7,2.3,33.8,131.8,54.4,4.73,3.87,-0.14,1,1,forest,0,
2023-08-18,Uttarakhand,Rudraprayag,V002,Sonprayag,30.6748,79.0439,1829,20.5,342.0,11.5,4.8,25.2,129.2,53.4,4.73,3.84,-0.03,1,1,forest,0,
2023-08-19,Uttarakhand,Rudraprayag,V002,Sonprayag,30.6748,79.0439,1829,20.5,342.0,0.2,0.1,19.4,119.0,48.5,4.73,3.72,-0.12,1,1,forest,0,
2023-08-20,Uttarakhand,Rudraprayag,V002,Sonprayag,30.6748,79.0439,1829,20.5,342.0,30.3,11.8,42.0,135.0,55.9,4.73,3.88,0.16,1,1,barren,0,
2023-08-21,Uttarakhand,Rudraprayag,V002,Sonprayag,30.6748,79.0439,1829,20.5,342.0,8.3,2.3,38.8,84.1,53.2,4.73,3.77,-0.11,1,1,agriculture,0,
2023-08-22,Uttarakhand,Rudraprayag,V002,Sonprayag,30.6748,79.0439,1829,20.5,342.0,15.2,6.6,53.8,79.2,54.9,4.73,3.69,-0.08,1,1,agriculture,0,
2023-08-23,Uttarakhand,Rudraprayag,V002,Sonprayag,30.6748,79.0439,1829,20.5,342.0,5.2,1.6,28.7,78.4,51.3,4.73,3.51,-0.18,1,1,built-up,0,
2023-08-24,Uttarakhand,Rudraprayag,V002,Sonprayag,30.6748,79.0439,1829,20.5,342.0,2.0,0.5,22.4,72.7,46.4,4.73,3.23,-0.28,1,1,forest,0,
2023-08-25,Uttarakhand,Rudraprayag,V002,Sonprayag,30.6748,79.0439,1829,20.5,342.0,24.4,7.7,31.6,85.6,50.7,4.73,3.36,0.13,1,1,forest,0,
2023-08-26,Uttarakhand,Rudraprayag,V002,Sonprayag,30.6748,79.0439,1829,20.5,342.0,20.3,10.2,46.7,105.7,53.7,4.73,3.39,0.03,1,1,forest,0,
2023-08-27,Uttarakhand,Rudraprayag,V002,Sonprayag,30.6748,79.0439,1829,20.5,342.0,29.4,10.8,74.1,104.8,59.3,4.73,3.64,0.25,1,1,built-up,0,
2023-08-28,Uttarakhand,Rudraprayag,V002,Sonprayag,30.6748,79.0439,1829,20.5,342.0,11.3,3.9,61.0,107.8,57.2,4.73,3.69,0.05,1,1,forest,0,
2023-08-29,Uttarakhand,Rudraprayag,V002,Sonprayag,30.6748,79.0439,1829,20.5,342.0,12.4,6.5,53.1,105.0,57.4,4.73,3.72,0.03,1,1,forest,0,
2023-08-30,Uttarakhand,Rudraprayag,V002,Sonprayag,30.6748,79.0439,1829,20.5,342.0,36.8,17.4,60.5,136.6,60.0,4.73,3.98,0.26,1,1,forest,0,
2023-08-31,Uttarakhand,Rudraprayag,V002,Sonprayag,30.6748,79.0439,1829,20.5,342.0,15.9,4.0,65.1,150.5,59.9,4.73,3.91,-0.07,1,1,forest,0,
2023-09-01,Uttarakhand,Rudraprayag,V002,Sonprayag,30.6748,79.0439,1829,20.5,342.0,2.8,0.9,55.5,128.9,56.2,4.73,3.78,-0.13,1,1,forest,0,
2023-09-02,Uttarakhand,Rudraprayag,V002,Sonprayag,30.6748,79.0439,1829,20.5,342.0,10.3,3.0,29.0,118.9,56.0,4.73,3.78,0.0,1,1,agriculture,0,
2023-09-03,Uttarakhand,Rudraprayag,V002,Sonprayag,30.6748,79.0439,1829,20.5,342.0,10.0,5.4,23.1,99.5,53.8,4.73,3.76,-0.02,1,1,barren,0,
2023-09-04,Uttarakhand,Rudraprayag,V002,Sonprayag,30.6748,79.0439,1829,20.5,342.0,17.4,7.8,37.7,105.6,57.2,4.73,3.76,0.0,1,1,barren,0,
2023-09-05,Uttarakhand,Rudraprayag,V002,Sonprayag,30.6748,79.0439,1829,20.5,342.0,3.2,1.2,30.6,96.4,54.8,4.73,3.56,-0.2,1,1,barren,0,
2023-09-06,Uttarakhand,Rudraprayag,V002,Sonprayag,30.6748,79.0439,1829,20.5,342.0,4.5,2.0,25.1,64.1,50.8,4.73,3.48,-0.08,1,1,built-up,0,
2023-09-07,Uttarakhand,Rudraprayag,V002,Sonprayag,30.6748,79.0439,1829,20.5,342.0,4.1,1.3,11.8,52.3,47.1,4.73,3.43,-0.05,1,1,built-up,0,
2023-09-08,Uttarakhand,Rudraprayag,V002,Sonprayag,30.6748,79.0439,1829,20.5,342.0,12.4,5.1,21.0,61.9,48.0,4.73,3.43,0.0,1,1,built-up,0,
2023-09-09,Uttarakhand,Rudraprayag,V002,Sonprayag,30.6748,79.0439,1829,20.5,342.0,3.8,1.9,20.3,55.4,45.1,4.73,3.39,-0.04,1,1,agriculture,0,
2023-09-10,Uttarakhand,Rudraprayag,V002,Sonprayag,30.6748,79.0439,1829,20.5,342.0,0.9,0.5,17.1,46.3,41.0,4.73,3.29,-0.1,1,1,forest,0,
2023-09-11,Uttarakhand,Rudraprayag,V002,Sonprayag,30.6748,79.0439,1829,20.5,342.0,85.6,40.0,90.3,114.5,60.0,4.73,4.13,0.84,1,1,forest,0,
2023-09-12,Uttarakhand,Rudraprayag,V002,Sonprayag,30.6748,79.0439,1829,20.5,342.0,19.5,7.0,106.0,130.8,60.0,4.73,4.18,0.05,1,1,forest,0,
2023-09-13,Uttarakhand,Rudraprayag,V002,Sonprayag,30.6748,79.0439,1829,20.5,342.0,17.4,8.2,122.5,143.7,59.5,4.73,4.12,-0.06,1,1,forest,0,
2023-09-14,Uttarakhand,Rudraprayag,V002,Sonprayag,30.6748,79.0439,1829,20.5,342.0,11.1,4.3,48.0,150.7,57.6,4.73,4.08,-0.04,1,1,agriculture,0,
2023-09-15,Uttarakhand,Rudraprayag,V002,Sonprayag,30.6748,79.0439,1829,20.5,342.0,8.6,3.9,37.1,146.9,56.5,4.73,3.95,-0.13,1,1,forest,0,
2023-09-16,Uttarakhand,Rudraprayag,V002,Sonprayag,30.6748,79.0439,1829,20.5,342.0,4.2,1.8,23.9,147.3,55.1,4.73,3.89,-0.06,1,1,agriculture,0,
2023-09-17,Uttarakhand,Rudraprayag,V002,Sonprayag,30.6748,79.0439,1829,20.5,342.0,21.9,7.3,34.7,168.3,58.3,4.73,4.03,0.14,1,1,forest,0,
2023-09-18,Uttarakhand,Rudraprayag,V002,Sonprayag,30.6748,79.0439,1829,20.5,342.0,5.8,2.8,31.9,88.5,54.4,4.73,3.76,-0.27,1,1,forest,0,
2023-09-19,Uttarakhand,Rudraprayag,V002,Sonprayag,30.6748,79.0439,1829,20.5,342.0,11.7,3.2,39.4,80.7,54.1,4.73,3.64,-0.12,1,1,built-up,0,
2023-09-20,Uttarakhand,Rudraprayag,V002,Sonprayag,30.6748,79.0439,1829,20.5,342.0,2.7,0.8,20.2,66.0,51.6,4.73,3.55,-0.09,1,1,forest,0,
2023-09-21,Uttarakhand,Rudraprayag,V002,Sonprayag,30.6748,79.0439,1829,20.5,342.0,5.2,1.6,19.6,60.1,47.1,4.73,3.38,-0.17,1,1,forest,0,
2023-09-22,Uttarakhand,Rudraprayag,V002,Sonprayag,30.6748,79.0439,1829,20.5,342.0,7.4,2.4,15.3,58.9,43.6,4.73,3.35,-0.03,1,1,built-up,0,
2023-09-23,Uttarakhand,Rudraprayag,V002,Sonprayag,30.6748,79.0439,1829,20.5,342.0,5.7,2.2,18.3,60.4,40.4,4.73,3.25,-0.1,1,1,forest,0,
2023-09-24,Uttarakhand,Rudraprayag,V002,Sonprayag,30.6748,79.0439,1829,20.5,342.0,6.5,3.1,19.6,45.0,40.8,4.73,3.18,-0.07,1,1,forest,0,
2023-09-25,Uttarakhand,Rudraprayag,V002,Sonprayag,30.6748,79.0439,1829,20.5,342.0,2.5,1.3,14.7,41.7,36.7,4.73,3.01,-0.17,1,1,forest,0,
2023-09-26,Uttarakhand,Rudraprayag,V002,Sonprayag,30.6748,79.0439,1829,20.5,342.0,5.6,2.1,14.6,35.6,35.6,4.73,2.9,-0.11,1,1,forest,0,
2023-09-27,Uttarakhand,Rudraprayag,V002,Sonprayag,30.6748,79.0439,1829,20.5,342.0,6.6,2.7,14.7,39.5,32.9,4.73,2.78,-0.12,1,1,built-up,0,
2023-09-28,Uttarakhand,Rudraprayag,V002,Sonprayag,30.6748,79.0439,1829,20.5,342.0,7.0,2.6,19.2,41.3,33.0,4.73,2.77,-0.01,1,1,barren,0,
2023-09-29,Uttarakhand,Rudraprayag,V002,Sonprayag,30.6748,79.0439,1829,20.5,342.0,3.0,0.9,16.6,36.9,29.5,4.73,2.79,0.02,1,1,barren,0,
2023-09-30,Uttarakhand,Rudraprayag,V002,Sonprayag,30.6748,79.0439,1829,20.5,342.0,1.3,0.4,11.3,32.5,28.2,4.73,2.69,-0.1,1,1,agriculture,0,
2023-10-01,Uttarakhand,Rudraprayag,V002,Sonprayag,30.6748,79.0439,1829,20.5,342.0,4.6,2.3,8.9,30.6,27.0,4.73,2.62,-0.07,1,1,built-up,0,
2023-10-02,Uttarakhand,Rudraprayag,V002,Sonprayag,30.6748,79.0439,1829,20.5,342.0,3.2,1.0,9.1,31.3,25.7,4.73,2.51,-0.11,1,1,agriculture,0,
2023-10-03,Uttarakhand,Rudraprayag,V002,Sonprayag,30.6748,79.0439,1829,20.5,342.0,23.4,6.3,31.2,49.1,33.8,4.73,2.67,0.16,1,1,agriculture,0,
2023-10-04,Uttarakhand,Rudraprayag,V002,Sonprayag,30.6748,79.0439,1829,20.5,342.0,3.9,1.8,30.5,46.4,31.2,4.73,2.51,-0.16,1,1,built-up,0,
2023-10-05,Uttarakhand,Rudraprayag,V002,Sonprayag,30.6748,79.0439,1829,20.5,342.0,7.2,2.3,34.5,46.6,31.3,4.73,2.47,-0.04,1,1,built-up,0,
2023-10-06,Uttarakhand,Rudraprayag,V002,Sonprayag,30.6748,79.0439,1829,20.5,342.0,12.3,3.5,23.4,55.9,33.0,4.73,2.54,0.07,1,1,forest,0,
2023-10-07,Uttarakhand,Rudraprayag,V002,Sonprayag,30.6748,79.0439,1829,20.5,342.0,9.6,3.0,29.1,64.2,31.7,4.73,2.54,0.0,1,1,built-up,0,
2023-10-08,Uttarakhand,Rudraprayag,V002,Sonprayag,30.6748,79.0439,1829,20.5,342.0,21.8,11.4,43.7,81.4,38.3,4.73,2.61,0.07,1,1,agriculture,0,
2023-10-09,Uttarakhand,Rudraprayag,V002,Sonprayag,30.6748,79.0439,1829,20.5,342.0,7.3,3.7,38.7,85.5,37.2,4.73,2.6,-0.01,1,1,barren,0,
2023-10-10,Uttarakhand,Rudraprayag,V002,Sonprayag,30.6748,79.0439,1829,20.5,342.0,5.1,2.3,34.2,67.2,35.1,4.73,2.52,-0.08,1,1,agriculture,0,
2023-06-01,Uttarakhand,Chamoli,V003,Joshimath Ward 3,30.5551,79.5644,1875,17.1,317.7,2.3,1.0,2.3,2.3,25.2,4.43,2.48,,5,1,built-up,0,
2023-06-02,Uttarakhand,Chamoli,V003,Joshimath Ward 3,30.5551,79.5644,1875,17.1,317.7,7.7,3.8,10.0,10.0,25.4,4.43,2.54,0.06,5,1,forest,0,
2023-06-03,Uttarakhand,Chamoli,V003,Joshimath Ward 3,30.5551,79.5644,1875,17.1,317.7,8.6,3.4,18.6,18.6,26.2,4.43,2.4,-0.14,5,1,built-up,0,
2023-06-04,Uttarakhand,Chamoli,V003,Joshimath Ward 3,30.5551,79.5644,1875,17.1,317.7,2.7,0.8,19.0,21.3,24.2,4.43,2.29,-0.11,5,1,forest,0,
2023-06-05,Uttarakhand,Chamoli,V003,Joshimath Ward 3,30.5551,79.5644,1875,17.1,317.7,4.8,2.1,16.1,26.1,22.2,4.43,2.29,0.0,5,1,built-up,0,
2023-06-06,Uttarakhand,Chamoli,V003,Joshimath Ward 3,30.5551,79.5644,1875,17.1,317.7,9.0,4.1,16.5,35.1,23.5,4.43,2.34,0.05,5,1,forest,0,
2023-06-07,Uttarakhand,Chamoli,V003,Joshimath Ward 3,30.5551,79.5644,1875,17.1,317.7,2.4,0.8,16.2,37.5,21.6,4.43,2.3,-0.04,5,1,agriculture,0,
2023-06-08,Uttarakhand,Chamoli,V003,Joshimath Ward 3,30.5551,79.5644,1875,17.1,317.7,7.3,1.9,18.7,42.5,24.3,4.43,2.32,0.02,5,1,barren,0,
2023-06-09,Uttarakhand,Chamoli,V003,Joshimath Ward 3,30.5551,79.5644,1875,17.1,317.7,1.9,0.9,11.6,36.7,21.5,4.43,2.27,-0.05,5,1,barren,0,
2023-06-10,Uttarakhand,Chamoli,V003,Joshimath Ward 3,30.5551,79.5644,1875,17.1,317.7,10.8,4.2,20.0,38.9,25.5,4.43,2.29,0.02,5,1,forest,0,
2023-06-11,Uttarakhand,Chamoli,V003,Joshimath Ward 3,30.5551,79.5644,1875,17.1,317.7,14.1,5.3,26.8,50.3,28.4,4.43,2.37,0.08,5,1,built-up,0,
2023-06-12,Uttarakhand,Chamoli,V003,Joshimath Ward 3,30.5551,79.5644,1875,17.1,317.7,9.7,2.5,34.6,55.2,29.2,4.43,2.41,0.04,5,1,forest,0,
2023-06-13,Uttarakhand,Chamoli,V003,Joshimath Ward 3,30.5551,79.5644,1875,17.1,317.7,4.3,2.0,28.1,50.5,27.1,4.43,2.35,-0.06,5,1,forest,0,
2023-06-14,Uttarakhand,Chamoli,V003,Joshimath Ward 3,30.5551,79.5644,1875,17.1,317.7,6.6,2.2,20.6,54.7,26.7,4.43,2.36,0.01,5,1,forest,0,
2023-06-15,Uttarakhand,Chamoli,V003,Joshimath Ward 3,30.5551,79.5644,1875,17.1,317.7,3.1,1.4,14.0,50.5,26.2,4.43,2.29,-0.07,5,1,forest,0,
2023-06-16,Uttarakhand,Chamoli,V003,Joshimath Ward 3,30.5551,79.5644,1875,17.1,317.7,6.1,2.6,15.8,54.7,25.8,4.43,2.21,-0.08,5,1,built-up,0,
2023-06-17,Uttarakhand,Chamoli,V003,Joshimath Ward 3,30.5551,79.5644,1875,17.1,317.7,6.9,1.9,16.1,50.8,26.3,4.43,2.22,0.01,5,1,built-up,0,
2023-06-18,Uttarakhand,Chamoli,V003,Joshimath Ward 3,30.5551,79.5644,1875,17.1,317.7,7.7,2.7,20.7,44.4,27.7,4.43,2.27,0.05,5,1,agriculture,0,
2023-06-19,Uttarakhand,Chamoli,V003,Joshimath Ward 3,30.5551,79.5644,1875,17.1,317.7,5.0,2.2,19.6,39.7,28.2,4.43,2.31,0.04,5,1,built-up,0,
2023-06-20,Uttarakhand,Chamoli,V003,Joshimath Ward 3,30.5551,79.5644,1875,17.1,317.7,7.1,2.8,19.8,42.5,26.6,4.43,2.3,-0.01,5,1,agriculture,0,
2023-06-21,Uttarakhand,Chamoli,V003,Joshimath Ward 3,30.5551,79.5644,1875,17.1,317.7,7.4,3.3,19.5,43.3,26.8,4.43,2.26,-0.04,5,1,forest,0,
2023-06-22,Uttarakhand,Chamoli,V003,Joshimath Ward 3,30.5551,79.5644,1875,17.1,317.7,4.0,2.2,18.5,44.2,25.7,4.43,2.18,-0.08,5,1,forest,0,
2023-06-23,Uttarakhand,Chamoli,V003,Joshimath Ward 3,30.5551,79.5644,1875,17.1,317.7,0.7,0.2,12.1,38.8,23.2,4.43,2.08,-0.1,5,1,forest,0,
2023-06-24,Uttarakhand,Chamoli,V003,Joshimath Ward 3,30.5551,79.5644,1875,17.1,317.7,5.2,2.1,9.9,37.1,22.2,4.43,2.06,-0.02,5,1,forest,0,
2023-06-25,Uttarakhand,Chamoli,V003,Joshimath Ward 3,30.5551,79.5644,1875,17.1,317.7,5.8,1.6,11.7,35.2,22.4,4.43,1.92,-0.14,5,1,built-up,0,
2023-06-26,Uttarakhand,Chamoli,V003,Joshimath Ward 3,30.5551,79.5644,1875,17.1,317.7,6.4,2.3,17.4,36.6,20.9,4.43,1.82,-0.1,5,1,barren,0,
2023-06-27,Uttarakhand,Chamoli,V003,Joshimath Ward 3,30.5551,79.5644,1875,17.1,317.7,11.5,6.2,23.7,41.0,24.9,4.43,1.84,0.02,5,1,forest,0,
2023-06-28,Uttarakhand,Chamoli,V003,Joshimath Ward 3,30.5551,79.5644,1875,17.1,317.7,7.5,3.4,25.4,41.1,25.1,4.43,1.8,-0.04,5,1,agriculture,0,
2023-06-29,Uttarakhand,Chamoli,V003,Joshimath Ward 3,30.5551,79.5644,1875,17.1,317.7,3.1,0.8,22.1,40.2,23.5,4.43,1.73,-0.07,5,1,barren,0,
2023-06-30,Uttarakhand,Chamoli,V003,Joshimath Ward 3,30.5551,79.5644,1875,17.1,317.7,3.8,1.4,14.4,43.3,22.6,4.43,1.69,-0.04,5,1,agriculture,0,
2023-07-01,Uttarakhand,Chamoli,V003,Joshimath Ward 3,30.5551,79.5644,1875,17.1,317.7,15.6,4.5,22.5,53.7,27.4,4.43,1.74,0.05,5,1,forest,0,
2023-07-02,Uttarakhand,Chamoli,V003,Joshimath Ward 3,30.5551,79.5644,1875,17.1,317.7,14.5,5.7,33.9,62.4,29.9,4.43,1.83,0.09,5,1,forest,0,
2023-07-03,Uttarakhand,Chamoli,V003,Joshimath Ward 3,30.5551,79.5644,1875,17.1,317.7,1.6,0.8,31.7,57.6,28.3,4.43,1.72,-0.11,5,1,agriculture,0,
2023-07-04,Uttarakhand,Chamoli,V003,Joshimath Ward 3,30.5551,79.5644,1875,17.1,317.7,41.4,20.1,57.5,87.5,43.4,4.43,2.12,0.4,5,1,built-up,0,
2023-07-05,Uttarakhand,Chamoli,V003,Joshimath Ward 3,30.5551,79.5644,1875,17.1,317.7,2.0,0.9,45.0,82.0,39.1,4.43,2.09,-0.03,5,1,forest,0,
2023-07-06,Uttarakhand,Chamoli,V003,Joshimath Ward 3,30.5551,79.5644,1875,17.1,317.7,28.7,8.4,72.1,107.6,46.4,4.43,2.37,0.28,5,1,forest,0,
2023-07-07,Uttarakhand,Chamoli,V003,Joshimath Ward 3,30.5551,79.5644,1875,17.1,317.7,13.9,3.8,44.6,117.7,47.1,4.43,2.33,-0.04,5,1,agriculture,0,
2023-07-08,Uttarakhand,Chamoli,V003,Joshimath Ward 3,30.5551,79.5644,1875,17.1,317.7,6.6,2.1,49.2,108.7,45.0,4.43,2.31,-0.02,5,1,agriculture,0,
2023-07-09,Uttarakhand,Chamoli,V003,Joshimath Ward 3,30.5551,79.5644,1875,17.1,317.7,12.9,6.9,33.4,107.1,44.5,4.43,2.33,0.02,5,1,forest,0,
2023-07-10,Uttarakhand,Chamoli,V003,Joshimath Ward 3,30.5551,79.5644,1875,17.1,317.7,12.2,3.1,31.7,117.7,44.7,4.43,2.44,0.11,5,1,forest,0,
2023-07-11,Uttarakhand,Chamoli,V003,Joshimath Ward 3,30.5551,79.5644,1875,17.1,317.7,12.4,6.2,37.5,88.7,45.4,4.43,2.46,0.02,5,1,forest,0,
2023-07-12,Uttarakhand,Chamoli,V003,Joshimath Ward 3,30.5551,79.5644,1875,17.1,317.7,18.5,5.5,43.1,105.2,50.0,4.43,2.67,0.21,5,1,built-up,0,
2023-07-13,Uttarakhand,Chamoli,V003,Joshimath Ward 3,30.5551,79.5644,1875,17.1,317.7,11.2,3.5,42.1,87.7,50.7,4.43,2.66,-0.01,5,1,forest,0,
2023-07-14,Uttarakhand,Chamoli,V003,Joshimath Ward 3,30.5551,79.5644,1875,17.1,317.7,9.0,3.2,38.7,82.8,48.2,4.43,2.65,-0.01,5,1,agriculture,0,
2023-07-15,Uttarakhand,Chamoli,V003,Joshimath Ward 3,30.5551,79.5644,1875,17.1,317.7,11.3,5.8,31.5,87.5,50.2,4.43,2.71,0.06,5,1,agriculture,0,
2023-07-16,Uttarakhand,Chamoli,V003,Joshimath Ward 3,30.5551,79.5644,1875,17.1,317.7,45.5,11.9,65.8,120.1,60.0,4.43,3.04,0.33,5,1,forest,0,
2023-07-17,Uttarakhand,Chamoli,V003,Joshimath Ward 3,30.5551,79.5644,1875,17.1,317.7,16.3,7.9,73.1,124.2,60.0,4.43,3.1,0.06,5,1,forest,0,
2023-07-18,Uttarakhand,Chamoli,V003,Joshimath Ward 3,30.5551,79.5644,1875,17.1,317.7,10.1,3.0,71.9,121.9,58.4,4.43,3.06,-0.04,5,1,agriculture,0,
2023-07-19,Uttarakhand,Chamoli,V003,Joshimath Ward 3,30.5551,79.5644,1875,17.1,317.7,16.1,5.0,42.5,119.5,60.0,4.43,3.08,0.02,5,1,agriculture,0,
2023-07-20,Uttarakhand,Chamoli,V003,Joshimath Ward 3,30.5551,79.5644,1875,17.1,317.7,33.2,16.9,59.4,141.5,60.0,4.43,3.33,0.25,5,1,built-up,0,
2023-07-21,Uttarakhand,Chamoli,V003,Joshimath Ward 3,30.5551,79.5644,1875,17.1,317.7,18.1,5.1,67.4,150.6,60.0,4.43,3.37,0.04,5,1,built-up,0,
2023-07-22,Uttarakhand,Chamoli,V003,Joshimath Ward 3,30.5551,79.5644,1875,17.1,317.7,28.8,14.8,80.1,168.1,60.0,4.43,3.4,0.03,5,1,agriculture,0,
2023-07-23,Uttarakhand,Chamoli,V003,Joshimath Ward 3,30.5551,79.5644,1875,17.1,317.7,45.5,13.2,92.4,168.1,60.0,4.43,3.73,0.33,5,1,built-up,0,
2023-07-24,Uttarakhand,Chamoli,V003,Joshimath Ward 3,30.5551,79.5644,1875,17.1,317.7,3.6,1.9,77.9,155.4,56.4,4.43,3.61,-0.12,5,1,forest,0,
2023-07-25,Uttarakhand,Chamoli,V003,Joshimath Ward 3,30.5551,79.5644,1875,17.1,317.7,19.4,9.3,68.5,164.7,59.2,4.43,3.72,0.11,5,1,built-up,0,
2023-07-26,Uttarakhand,Chamoli,V003,Joshimath Ward 3,30.5551,79.5644,1875,17.1,317.7,22.1,8.7,45.1,170.7,60.0,4.43,3.77,0.05,5,1,agriculture,0,
2023-07-27,Uttarakhand,Chamoli,V003,Joshimath Ward 3,30.5551,79.5644,1875,17.1,317.7,11.5,6.1,53.0,149.0,58.0,4.43,3.62,-0.15,5,1,forest,0,
2023-07-28,Uttarakhand,Chamoli,V003,Joshimath Ward 3,30.5551,79.5644,1875,17.1,317.7,15.7,7.2,49.3,146.6,56.9,4.43,3.59,-0.03,5,1,forest,0,
2023-07-29,Uttarakhand,Chamoli,V003,Joshimath Ward 3,30.5551,79.5644,1875,17.1,317.7,24.5,12.8,51.7,142.3,60.0,4.43,3.69,0.1,5,1,forest,0,
2023-07-30,Uttarakhand,Chamoli,V003,Joshimath Ward 3,30.5551,79.5644,1875,17.1,317.7,1.5,0.6,41.7,98.3,56.0,4.43,3.46,-0.23,5,1,forest,0,
2023-07-31,Uttarakhand,Chamoli,V003,Joshimath Ward 3,30.5551,79.5644,1875,17.1,317.7,13.4,5.9,39.4,108.1,56.7,4.43,3.46,0.0,5,1,forest,0,
2023-08-01,Uttarakhand,Chamoli,V003,Joshimath Ward 3,30.5551,79.5644,1875,17.1,317.7,8.9,4.4,23.8,97.6,55.7,4.43,3.53,0.07,5,1,forest,0,
2023-08-02,Uttarakhand,Chamoli,V003,Joshimath Ward 3,30.5551,79.5644,1875,17.1,317.7,7.1,2.1,29.4,82.6,53.8,4.43,3.41,-0.12,5,1,built-up,0,
2023-08-03,Uttarakhand,Chamoli,V003,Joshimath Ward 3,30.5551,79.5644,1875,17.1,317.7,105.6,27.9,121.6,176.7,60.0,4.43,4.46,1.05,5,1,forest,0,
2023-08-04,Uttarakhand,Chamoli,V003,Joshimath Ward 3,30.5551,79.5644,1875,17.1,317.7,23.8,8.5,136.5,184.8,60.0,4.43,4.56,0.1,5,1,forest,0,
2023-08-05,Uttarakhand,Chamoli,V003,Joshimath Ward 3,30.5551,79.5644,1875,17.1,317.7,8.9,3.4,138.3,169.2,57.3,4.43,4.47,-0.09,5,1,barren,0,
2023-08-06,Uttarakhand,Chamoli,V003,Joshimath Ward 3,30.5551,79.5644,1875,17.1,317.7,16.3,7.2,49.0,184.0,57.5,4.43,4.47,0.0,5,1,agriculture,0,
2023-08-07,Uttarakhand,Chamoli,V003,Joshimath Ward 3,30.5551,79.5644,1875,17.1,317.7,6.6,3.5,31.8,177.2,53.3,4.43,4.38,-0.09,5,1,forest,0,
2023-08-08,Uttarakhand,Chamoli,V003,Joshimath Ward 3,30.5551,79.5644,1875,17.1,317.7,20.8,11.1,43.7,189.1,57.5,4.43,4.27,-0.11,5,1,agriculture,0,
2023-08-09,Uttarakhand,Chamoli,V003,Joshimath Ward 3,30.5551,79.5644,1875,17.1,317.7,13.5,4.9,40.9,195.5,58.4,4.43,4.2,-0.07,5,1,built-up,0,
2023-08-10,Uttarakhand,Chamoli,V003,Joshimath Ward 3,30.5551,79.5644,1875,17.1,317.7,20.8,6.6,55.1,110.7,59.8,4.43,4.29,0.09,5,1,forest,0,
2023-08-11,Uttarakhand,Chamoli,V003,Joshimath Ward 3,30.5551,79.5644,1875,17.1,317.7,37.7,17.8,72.0,124.6,60.0,4.43,4.46,0.17,5,1,forest,0,
2023-08-12,Uttarakhand,Chamoli,V003,Joshimath Ward 3,30.5551,79.5644,1875,17.1,317.7,6.0,2.2,64.5,121.7,57.0,4.43,4.22,-0.24,5,1,built-up,0,
2023-08-13,Uttarakhand,Chamoli,V003,Joshimath Ward 3,30.5551,79.5644,1875,17.1,317.7,14.6,5.1,58.3,120.0,57.0,4.43,4.05,-0.17,5,1,agriculture,0,
2023-08-14,Uttarakhand,Chamoli,V003,Joshimath Ward 3,30.5551,79.5644,1875,17.1,317.7,57.0,30.7,77.6,170.4,60.0,4.43,4.63,0.58,5,1,forest,0,
2023-08-15,Uttarakhand,Chamoli,V003,Joshimath Ward 3,30.5551,79.5644,1875,17.1,317.7,175.3,71.2,246.9,324.9,60.0,4.43,6.52,1.89,5,1,forest,1,5
2023-08-16,Uttarakhand,Chamoli,V003,Joshimath Ward 3,30.5551,79.5644,1875,17.1,317.7,14.4,3.6,246.7,325.8,60.0,4.43,6.41,-0.11,5,1,barren,0,
2023-08-17,Uttarakhand,Chamoli,V003,Joshimath Ward 3,30.5551,79.5644,1875,17.1,317.7,3.7,1.9,193.4,308.7,56.1,4.43,6.17,-0.24,5,1,agriculture,0,
2023-08-18,Uttarakhand,Chamoli,V003,Joshimath Ward 3,30.5551,79.5644,1875,17.1,317.7,2.7,0.9,20.8,273.7,50.8,4.43,5.98,-0.19,5,1,agriculture,0,
2023-08-19,Uttarakhand,Chamoli,V003,Joshimath Ward 3,30.5551,79.5644,1875,17.1,317.7,12.3,6.5,18.7,280.0,51.1,4.43,5.83,-0.15,5,1,forest,0,
2023-08-20,Uttarakhand,Chamoli,V003,Joshimath Ward 3,30.5551,79.5644,1875,17.1,317.7,4.1,1.8,19.1,269.5,47.0,4.43,5.6,-0.23,5,1,forest,0,
2023-08-21,Uttarakhand,Chamoli,V003,Joshimath Ward 3,30.5551,79.5644,1875,17.1,317.7,33.9,12.4,50.3,246.4,54.7,4.43,5.77,0.17,5,1,forest,0,
2023-08-22,Uttarakhand,Chamoli,V003,Joshimath Ward 3,30.5551,79.5644,1875,17.1,317.7,11.1,5.1,49.1,82.2,54.1,4.43,5.56,-0.21,5,1,barren,0,
2023-08-23,Uttarakhand,Chamoli,V003,Joshimath Ward 3,30.5551,79.5644,1875,17.1,317.7,11.8,4.7,56.8,79.6,52.9,4.43,5.44,-0.12,5,1,forest,0,
2023-08-24,Uttarakhand,Chamoli,V003,Joshimath Ward 3,30.5551,79.5644,1875,17.1,317.7,11.6,3.0,34.5,87.5,53.6,4.43,5.29,-0.15,5,1,forest,0,
2023-08-25,Uttarakhand,Chamoli,V003,Joshimath Ward 3,30.5551,79.5644,1875,17.1,317.7,4.2,2.3,27.6,89.0,50.4,4.43,5.1,-0.19,5,1,forest,0,
2023-08-26,Uttarakhand,Chamoli,V003,Joshimath Ward 3,30.5551,79.5644,1875,17.1,317.7,2.7,0.7,18.5,79.4,46.9,4.43,4.88,-0.22,5,1,forest,0,
2023-08-27,Uttarakhand,Chamoli,V003,Joshimath Ward 3,30.5551,79.5644,1875,17.1,317.7,13.8,7.3,20.7,89.1,47.7,4.43,4.83,-0.05,5,1,barren,0,
2023-08-28,Uttarakhand,Chamoli,V003,Joshimath Ward 3,30.5551,79.5644,1875,17.1,317.7,7.7,2.5,24.2,62.9,46.6,4.43,4.76,-0.07,5,1,forest,0,
2023-08-29,Uttarakhand,Chamoli,V003,Joshimath Ward 3,30.5551,79.5644,1875,17.1,317.7,29.5,11.8,51.0,81.3,54.3,4.43,4.86,0.1,5,1,forest,0,
2023-08-30,Uttarakhand,Chamoli,V003,Joshimath Ward 3,30.5551,79.5644,1875,17.1,317.7,4.1,1.9,41.3,73.6,51.2,4.43,4.66,-0.2,5,1,forest,0,
2023-08-31,Uttarakhand,Chamoli,V003,Joshimath Ward 3,30.5551,79.5644,1875,17.1,317.7,6.2,1.8,39.8,68.2,47.8,4.43,4.42,-0.24,5,1,barren,0,
2023-09-01,Uttarakhand,Chamoli,V003,Joshimath Ward 3,30.5551,79.5644,1875,17.1,317.7,3.8,2.0,14.1,67.8,45.8,4.43,4.25,-0.17,5,1,forest,0,
2023-09-02,Uttarakhand,Chamoli,V003,Joshimath Ward 3,30.5551,79.5644,1875,17.1,317.7,10.2,4.3,20.2,75.3,46.7,4.43,4.1,-0.15,5,1,forest,0,
2023-09-03,Uttarakhand,Chamoli,V003,Joshimath Ward 3,30.5551,79.5644,1875,17.1,317.7,6.7,1.8,20.7,68.2,43.8,4.43,3.99,-0.11,5,1,forest,0,
2023-09-04,Uttarakhand,Chamoli,V003,Joshimath Ward 3,30.5551,79.5644,1875,17.1,317.7,5.7,2.2,22.6,66.2,42.2,4.43,3.99,0.0,5,1,built-up,0,
2023-09-05,Uttarakhand,Chamoli,V003,Joshimath Ward 3,30.5551,79.5644,1875,17.1,317.7,3.0,1.6,15.4,39.7,37.9,4.43,3.9,-0.09,5,1,agriculture,0,
2023-09-06,Uttarakhand,Chamoli,V003,Joshimath Ward 3,30.5551,79.5644,1875,17.1,317.7,4.8,2.0,13.5,40.4,35.5,4.43,3.71,-0.19,5,1,built-up,0,
2023-09-07,Uttarakhand,Chamoli,V003,Joshimath Ward 3,30.5551,79.5644,1875,17.1,317.7,7.7,3.5,15.5,41.9,35.7,4.43,3.67,-0.04,5,1,forest,0,
2023-09-08,Uttarakhand,Chamoli,V003,Joshimath Ward 3,30.5551,79.5644,1875,17.1,317.7,7.2,1.9,19.7,45.3,36.1,4.43,3.59,-0.08,5,1,forest,0,
2023-09-09,Uttarakhand,Chamoli,V003,Joshimath Ward 3,30.5551,79.5644,1875,17.1,317.7,4.5,1.2,19.4,39.6,33.2,4.43,3.41,-0.18,5,1,forest,0,
2023-09-10,Uttarakhand,Chamoli,V003,Joshimath Ward 3,30.5551,79.5644,1875,17.1,317.7,15.1,5.2,26.8,48.0,36.7,4.43,3.49,0.08,5,1,built-up,0,
2023-09-11,Uttarakhand,Chamoli,V003,Joshimath Ward 3,30.5551,79.5644,1875,17.1,317.7,2.8,1.4,22.4,45.1,33.6,4.43,3.42,-0.07,5,1,agriculture,0,
2023-09-12,Uttarakhand,Chamoli,V003,Joshimath Ward 3,30.5551,79.5644,1875,17.1,317.7,4.0,1.2,21.9,46.1,32.1,4.43,3.31,-0.11,5,1,barren,0,
2023-09-13,Uttarakhand,Chamoli,V003,Joshimath Ward 3,30.5551,79.5644,1875,17.1,317.7,16.8,7.2,23.6,58.1,36.6,4.43,3.3,-0.01,5,1,built-up,0,
2023-09-14,Uttarakhand,Chamoli,V003,Joshimath Ward 3,30.5551,79.5644,1875,17.1,317.7,6.8,3.6,27.6,57.2,34.8,4.43,3.24,-0.06,5,1,built-up,0,
2023-09-15,Uttarakhand,Chamoli,V003,Joshimath Ward 3,30.5551,79.5644,1875,17.1,317.7,12.4,5.7,36.0,62.4,36.9,4.43,3.25,0.01,5,1,forest,0,
2023-09-16,Uttarakhand,Chamoli,V003,Joshimath Ward 3,30.5551,79.5644,1875,17.1,317.7,4.3,2.3,23.5,62.2,35.5,4.43,3.16,-0.09,5,1,built-up,0,
2023-09-17,Uttarakhand,Chamoli,V003,Joshimath Ward 3,30.5551,79.5644,1875,17.1,317.7,11.6,4.6,28.3,58.7,35.4,4.43,3.12,-0.04,5,1,built-up,0,
2023-09-18,Uttarakhand,Chamoli,V003,Joshimath Ward 3,30.5551,79.5644,1875,17.1,317.7,3.6,0.9,19.5,59.5,34.8,4.43,2.93,-0.19,5,1,built-up,0,
2023-09-19,Uttarakhand,Chamoli,V003,Joshimath Ward 3,30.5551,79.5644,1875,17.1,317.7,5.0,2.7,20.2,60.5,33.3,4.43,2.81,-0.12,5,1,built-up,0,
2023-09-20,Uttarakhand,Chamoli,V003,Joshimath Ward 3,30.5551,79.5644,1875,17.1,317.7,5.5,2.0,14.1,49.2,32.5,4.43,2.72,-0.09,5,1,forest,0,
2023-09-21,Uttarakhand,Chamoli,V003,Joshimath Ward 3,30.5551,79.5644,1875,17.1,317.7,3.1,1.5,13.6,45.5,31.1,4.43,2.55,-0.17,5,1,agriculture,0,
2023-09-22,Uttarakhand,Chamoli,V003,Joshimath Ward 3,30.5551,79.5644,1875,17.1,317.7,7.0,2.5,15.6,40.1,30.2,4.43,2.43,-0.12,5,1,built-up,0,
2023-09-23,Uttarakhand,Chamoli,V003,Joshimath Ward 3,30.5551,79.5644,1875,17.1,317.7,14.2,6.9,24.3,50.0,32.3,4.43,2.39,-0.04,5,1,agriculture,0,
2023-09-24,Uttarakhand,Chamoli,V003,Joshimath Ward 3,30.5551,79.5644,1875,17.1,317.7,4.7,2.1,25.9,43.1,30.8,4.43,2.39,0.0,5,1,forest,0,
2023-09-25,Uttarakhand,Chamoli,V003,Joshimath Ward 3,30.5551,79.5644,1875,17.1,317.7,17.3,4.8,36.2,56.8,33.7,4.43,2.43,0.04,5,1,agriculture,0,
2023-09-26,Uttarakhand,Chamoli,V003,Joshimath Ward 3,30.5551,79.5644,1875,17.1,317.7,1.9,0.7,23.9,53.7,31.1,4.43,2.37,-0.06,5,1,agriculture,0,
2023-09-27,Uttarakhand,Chamoli,V003,Joshimath Ward 3,30.5551,79.5644,1875,17.1,317.7,13.6,4.5,32.8,61.8,33.4,4.43,2.34,-0.03,5,1,forest,0,
2023-09-28,Uttarakhand,Chamoli,V003,Joshimath Ward 3,30.5551,79.5644,1875,17.1,317.7,12.9,3.5,28.4,71.6,33.9,4.43,2.35,0.01,5,1,agriculture,0,
2023-09-29,Uttarakhand,Chamoli,V003,Joshimath Ward 3,30.5551,79.5644,1875,17.1,317.7,5.4,1.8,31.9,70.0,33.5,4.43,2.24,-0.11,5,1,built-up,0,
2023-09-30,Uttarakhand,Chamoli,V003,Joshimath Ward 3,30.5551,79.5644,1875,17.1,317.7,1.4,0.7,19.7,57.2,31.6,4.43,2.18,-0.06,5,1,forest,0,
2023-10-01,Uttarakhand,Chamoli,V003,Joshimath Ward 3,30.5551,79.5644,1875,17.1,317.7,8.6,3.9,15.4,61.1,31.6,4.43,2.17,-0.01,5,1,agriculture,0,
2023-10-02,Uttarakhand,Chamoli,V003,Joshimath Ward 3,30.5551,79.5644,1875,17.1,317.7,5.1,2.6,15.1,48.9,28.9,4.43,2.15,-0.02,5,1,barren,0,
2023-10-03,Uttarakhand,Chamoli,V003,Joshimath Ward 3,30.5551,79.5644,1875,17.1,317.7,88.7,24.6,102.4,135.7,60.0,4.43,3.11,0.96,5,1,agriculture,0,
2023-10-04,Uttarakhand,Chamoli,V003,Joshimath Ward 3,30.5551,79.5644,1875,17.1,317.7,100.0,43.4,193.8,222.1,60.0,4.43,4.09,0.98,5,1,built-up,0,
2023-10-05,Uttarakhand,Chamoli,V003,Joshimath Ward 3,30.5551,79.5644,1875,17.1,317.7,10.9,5.6,199.6,220.1,57.6,4.43,3.99,-0.1,5,1,forest,0,
2023-10-06,Uttarakhand,Chamoli,V003,Joshimath Ward 3,30.5551,79.5644,1875,17.1,317.7,19.9,5.5,130.8,234.6,59.5,4.43,4.05,0.06,5,1,barren,0,
2023-10-07,Uttarakhand,Chamoli,V003,Joshimath Ward 3,30.5551,79.5644,1875,17.1,317.7,9.4,4.1,40.2,242.6,58.2,4.43,4.01,-0.04,5,1,agriculture,0,
2023-10-08,Uttarakhand,Chamoli,V003,Joshimath Ward 3,30.5551,79.5644,1875,17.1,317.7,5.8,2.4,35.1,239.8,54.0,4.43,3.84,-0.17,5,1,built-up,0,
2023-10-09,Uttarakhand,Chamoli,V003,Joshimath Ward 3,30.5551,79.5644,1875,17.1,317.7,1.8,0.7,17.0,236.5,48.0,4.43,3.7,-0.14,5,1,built-up,0,
2023-10-10,Uttarakhand,Chamoli,V003,Joshimath Ward 3,30.5551,79.5644,1875,17.1,317.7,1.3,0.4,8.9,149.1,41.7,4.43,3.5,-0.2,5,1,agriculture,0,
2023-06-01,Uttarakhand,Chamoli,V004,Raini,30.5762,79.7361,2130,15.5,108.4,12.2,3.6,12.2,12.2,27.9,3.87,2.49,,1,2,built-up,0,
2023-06-02,Uttarakhand,Chamoli,V004,Raini,30.5762,79.7361,2130,15.5,108.4,10.1,3.5,22.3,22.3,30.1,3.87,2.49,0.0,1,2,agriculture,0,
2023-06-03,Uttarakhand,Chamoli,V004,Raini,30.5762,79.7361,2130,15.5,108.4,1.2,0.6,23.5,23.5,26.9,3.87,2.43,-0.06,1,2,barren,0,
2023-06-04,Uttarakhand,Chamoli,V004,Raini,30.5762,79.7361,2130,15.5,108.4,6.0,3.2,17.3,29.5,27.0,3.87,2.44,0.01,1,2,agriculture,0,
2023-06-05,Uttarakhand,Chamoli,V004,Raini,30.5762,79.7361,2130,15.5,108.4,0.6,0.3,7.8,30.1,24.7,3.87,2.33,-0.11,1,2,built-up,0,
2023-06-06,Uttarakhand,Chamoli,V004,Raini,30.5762,79.7361,2130,15.5,108.4,23.9,7.3,30.5,54.0,30.7,3.87,2.45,0.12,1,2,forest,0,
2023-06-07,Uttarakhand,Chamoli,V004,Raini,30.5762,79.7361,2130,15.5,108.4,114.4,53.7,138.9,168.4,60.0,3.87,3.7,1.25,1,2,forest,0,
2023-06-08,Uttarakhand,Chamoli,V004,Raini,30.5762,79.7361,2130,15.5,108.4,5.3,1.7,143.6,161.5,56.6,3.87,3.7,0.0,1,2,forest,0,
2023-06-09,Uttarakhand,Chamoli,V004,Raini,30.5762,79.7361,2130,15.5,108.4,9.2,2.9,128.9,160.6,55.6,3.87,3.73,0.03,1,2,agriculture,0,
2023-06-10,Uttarakhand,Chamoli,V004,Raini,30.5762,79.7361,2130,15.5,108.4,16.3,4.9,30.8,175.7,54.2,3.87,3.61,-0.12,1,2,built-up,0,
2023-06-11,Uttarakhand,Chamoli,V004,Raini,30.5762,79.7361,2130,15.5,108.4,6.7,1.9,32.2,176.4,50.5,3.87,3.52,-0.09,1,2,forest,0,
2023-06-12,Uttarakhand,Chamoli,V004,Raini,30.5762,79.7361,2130,15.5,108.4,9.2,4.8,32.2,185.0,48.3,3.87,3.46,-0.06,1,2,agriculture,0,
2023-06-13,Uttarakhand,Chamoli,V004,Raini,30.5762,79.7361,2130,15.5,108.4,1.6,0.4,17.5,162.7,46.8,3.87,3.25,-0.21,1,2,agriculture,0,
2023-06-14,Uttarakhand,Chamoli,V004,Raini,30.5762,79.7361,2130,15.5,108.4,2.5,1.0,13.3,50.8,43.9,3.87,3.13,-0.12,1,2,built-up,0,
2023-06-15,Uttarakhand,Chamoli,V004,Raini,30.5762,79.7361,2130,15.5,108.4,8.9,4.3,13.0,54.4,41.8,3.87,3.07,-0.06,1,2,built-up,0,
2023-06-16,Uttarakhand,Chamoli,V004,Raini,30.5762,79.7361,2130,15.5,108.4,6.2,3.1,17.6,51.4,41.1,3.87,2.99,-0.08,1,2,forest,0,
2023-06-17,Uttarakhand,Chamoli,V004,Raini,30.5762,79.7361,2130,15.5,108.4,7.0,2.9,22.1,42.1,39.2,3.87,2.94,-0.05,1,2,forest,0,
2023-06-18,Uttarakhand,Chamoli,V004,Raini,30.5762,79.7361,2130,15.5,108.4,5.3,1.8,18.5,40.7,38.7,3.87,2.82,-0.12,1,2,forest,0,
2023-06-19,Uttarakhand,Chamoli,V004,Raini,30.5762,79.7361,2130,15.5,108.4,2.2,0.9,14.5,33.7,36.6,3.87,2.77,-0.05,1,2,built-up,0,
2023-06-20,Uttarakhand,Chamoli,V004,Raini,30.5762,79.7361,2130,15.5,108.4,5.6,2.7,13.1,37.7,37.3,3.87,2.66,-0.11,1,2,built-up,0,
2023-06-21,Uttarakhand,Chamoli,V004,Raini,30.5762,79.7361,2130,15.5,108.4,7.1,3.4,14.9,42.3,36.5,3.87,2.69,0.03,1,2,forest,0,
2023-06-22,Uttarakhand,Chamoli,V004,Raini,30.5762,79.7361,2130,15.5,108.4,13.9,4.3,26.6,47.3,39.9,3.87,2.73,0.04,1,2,barren,0,
2023-06-23,Uttarakhand,Chamoli,V004,Raini,30.5762,79.7361,2130,15.5,108.4,9.4,4.2,30.4,50.5,39.9,3.87,2.76,0.03,1,2,agriculture,0,
2023-06-24,Uttarakhand,Chamoli,V004,Raini,30.5762,79.7361,2130,15.5,108.4,6.2,1.9,29.5,49.7,37.2,3.87,2.64,-0.12,1,2,forest,0,
2023-06-25,Uttarakhand,Chamoli,V004,Raini,30.5762,79.7361,2130,15.5,108.4,3.4,1.4,19.0,47.8,33.9,3.87,2.62,-0.02,1,2,built-up,0,
2023-06-26,Uttarakhand,Chamoli,V004,Raini,30.5762,79.7361,2130,15.5,108.4,14.2,4.7,23.8,59.8,36.8,3.87,2.67,0.05,1,2,forest,0,
2023-06-27,Uttarakhand,Chamoli,V004,Raini,30.5762,79.7361,2130,15.5,108.4,10.0,4.6,27.6,64.2,37.5,3.87,2.59,-0.08,1,2,forest,0,
2023-06-28,Uttarakhand,Chamoli,V004,Raini,30.5762,79.7361,2130,15.5,108.4,13.6,4.2,37.8,70.7,39.8,3.87,2.64,0.05,1,2,forest,0,
2023-06-29,Uttarakhand,Chamoli,V004,Raini,30.5762,79.7361,2130,15.5,108.4,4.3,1.4,27.9,61.1,37.9,3.87,2.48,-0.16,1,2,forest,0,
2023-06-30,Uttarakhand,Chamoli,V004,Raini,30.5762,79.7361,2130,15.5,108.4,2.1,0.7,20.0,53.8,36.1,3.87,2.39,-0.09,1,2,forest,0,
2023-07-01,Uttarakhand,Chamoli,V004,Raini,30.5762,79.7361,2130,15.5,108.4,16.9,4.7,23.3,64.5,40.0,3.87,2.51,0.12,1,2,built-up,0,
2023-07-02,Uttarakhand,Chamoli,V004,Raini,30.5762,79.7361,2130,15.5,108.4,12.4,4.4,31.4,73.5,40.4,3.87,2.55,0.04,1,2,forest,0,
2023-07-03,Uttarakhand,Chamoli,V004,Raini,30.5762,79.7361,2130,15.5,108.4,34.3,8.7,63.6,93.6,50.7,3.87,2.9,0.35,1,2,built-up,0,
2023-07-04,Uttarakhand,Chamoli,V004,Raini,30.5762,79.7361,2130,15.5,108.4,27.7,11.8,74.4,111.3,58.7,3.87,3.09,0.19,1,2,built-up,0,
2023-07-05,Uttarakhand,Chamoli,V004,Raini,30.5762,79.7361,2130,15.5,108.4,13.6,5.0,75.6,111.3,58.8,3.87,3.03,-0.06,1,2,barren,0,
2023-07-06,Uttarakhand,Chamoli,V004,Raini,30.5762,79.7361,2130,15.5,108.4,11.3,6.2,52.6,118.3,58.0,3.87,3.05,0.02,1,2,agriculture,0,
2023-07-07,Uttarakhand,Chamoli,V004,Raini,30.5762,79.7361,2130,15.5,108.4,24.7,11.2,49.6,140.9,60.0,3.87,3.27,0.22,1,2,barren,0,
2023-07-08,Uttarakhand,Chamoli,V004,Raini,30.5762,79.7361,2130,15.5,108.4,13.3,5.9,49.3,137.3,58.1,3.87,3.22,-0.05,1,2,agriculture,0,
2023-07-09,Uttarakhand,Chamoli,V004,Raini,30.5762,79.7361,2130,15.5,108.4,8.9,4.1,46.9,133.8,57.8,3.87,3.14,-0.08,1,2,built-up,0,
2023-07-10,Uttarakhand,Chamoli,V004,Raini,30.5762,79.7361,2130,15.5,108.4,19.5,9.6,41.7,119.0,60.0,3.87,3.22,0.08,1,2,agriculture,0,
2023-07-11,Uttarakhand,Chamoli,V004,Raini,30.5762,79.7361,2130,15.5,108.4,20.0,8.4,48.4,111.3,60.0,3.87,3.29,0.07,1,2,agriculture,0,
2023-07-12,Uttarakhand,Chamoli,V004,Raini,30.5762,79.7361,2130,15.5,108.4,2.2,0.8,41.7,99.9,56.0,3.87,3.16,-0.13,1,2,built-up,0,
2023-07-13,Uttarakhand,Chamoli,V004,Raini,30.5762,79.7361,2130,15.5,108.4,6.9,2.2,29.1,95.5,53.8,3.87,3.05,-0.11,1,2,forest,0,
2023-07-14,Uttarakhand,Chamoli,V004,Raini,30.5762,79.7361,2130,15.5,108.4,16.5,4.4,25.6,87.3,55.1,3.87,3.07,0.02,1,2,barren,0,
2023-07-15,Uttarakhand,Chamoli,V004,Raini,30.5762,79.7361,2130,15.5,108.4,11.4,6.1,34.8,85.4,54.0,3.87,3.01,-0.06,1,2,forest,0,
2023-07-16,Uttarakhand,Chamoli,V004,Raini,30.5762,79.7361,2130,15.5,108.4,7.6,2.1,35.5,84.1,50.9,3.87,2.94,-0.07,1,2,barren,0,
2023-07-17,Uttarakhand,Chamoli,V004,Raini,30.5762,79.7361,2130,15.5,108.4,11.0,4.2,30.0,75.6,51.1,3.87,2.89,-0.05,1,2,forest,0,
2023-07-18,Uttarakhand,Chamoli,V004,Raini,30.5762,79.7361,2130,15.5,108.4,5.4,1.9,24.0,61.0,47.4,3.87,2.79,-0.1,1,2,forest,0,
2023-07-19,Uttarakhand,Chamoli,V004,Raini,30.5762,79.7361,2130,15.5,108.4,15.3,5.4,31.7,74.1,48.7,3.87,2.79,0.0,1,2,forest,0,
2023-07-20,Uttarakhand,Chamoli,V004,Raini,30.5762,79.7361,2130,15.5,108.4,32.7,13.1,53.4,99.9,57.2,3.87,3.06,0.27,1,2,forest,0,
2023-07-21,Uttarakhand,Chamoli,V004,Raini,30.5762,79.7361,2130,15.5,108.4,5.4,2.1,53.4,88.8,54.6,3.87,2.95,-0.11,1,2,forest,0,
2023-07-22,Uttarakhand,Chamoli,V004,Raini,30.5762,79.7361,2130,15.5,108.4,4.5,2.0,42.6,81.9,48.6,3.87,2.88,-0.07,1,2,forest,0,
2023-07-23,Uttarakhand,Chamoli,V004,Raini,30.5762,79.7361,2130,15.5,108.4,17.5,9.6,27.4,91.8,50.5,3.87,2.99,0.11,1,2,forest,0,
2023-07-24,Uttarakhand,Chamoli,V004,Raini,30.5762,79.7361,2130,15.5,108.4,39.8,19.9,61.8,120.6,60.0,3.87,3.36,0.37,1,2,agriculture,0,
2023-07-25,Uttarakhand,Chamoli,V004,Raini,30.5762,79.7361,2130,15.5,108.4,9.9,4.7,67.2,125.1,57.7,3.87,3.3,-0.06,1,2,barren,0,
2023-07-26,Uttarakhand,Chamoli,V004,Raini,30.5762,79.7361,2130,15.5,108.4,16.2,7.2,65.9,126.0,57.2,3.87,3.34,0.04,1,2,forest,0,
2023-07-27,Uttarakhand,Chamoli,V004,Raini,30.5762,79.7361,2130,15.5,108.4,3.0,1.3,29.1,96.3,52.1,3.87,3.17,-0.17,1,2,forest,0,
2023-07-28,Uttarakhand,Chamoli,V004,Raini,30.5762,79.7361,2130,15.5,108.4,18.4,10.0,37.6,109.3,53.8,3.87,3.18,0.01,1,2,forest,0,
2023-07-29,Uttarakhand,Chamoli,V004,Raini,30.5762,79.7361,2130,15.5,108.4,15.7,4.3,37.1,120.5,55.9,3.87,3.22,0.04,1,2,built-up,0,
2023-07-30,Uttarakhand,Chamoli,V004,Raini,30.5762,79.7361,2130,15.5,108.4,19.5,10.0,53.6,122.5,57.1,3.87,3.25,0.03,1,2,forest,0,
2023-07-31,Uttarakhand,Chamoli,V004,Raini,30.5762,79.7361,2130,15.5,108.4,6.1,2.7,41.3,88.8,53.2,3.87,3.18,-0.07,1,2,agriculture,0,
2023-08-01,Uttarakhand,Chamoli,V004,Raini,30.5762,79.7361,2130,15.5,108.4,7.2,1.9,32.8,86.1,50.5,3.87,3.06,-0.12,1,2,forest,0,
2023-08-02,Uttarakhand,Chamoli,V004,Raini,30.5762,79.7361,2130,15.5,108.4,7.6,2.9,20.9,77.5,47.9,3.87,3.02,-0.04,1,2,agriculture,0,
2023-08-03,Uttarakhand,Chamoli,V004,Raini,30.5762,79.7361,2130,15.5,108.4,3.5,1.7,18.3,78.0,43.9,3.87,2.86,-0.16,1,2,agriculture,0,
2023-08-04,Uttarakhand,Chamoli,V004,Raini,30.5762,79.7361,2130,15.5,108.4,22.9,6.1,34.0,82.5,48.9,3.87,2.99,0.13,1,2,agriculture,0,
2023-08-05,Uttarakhand,Chamoli,V004,Raini,30.5762,79.7361,2130,15.5,108.4,8.7,2.2,35.1,75.5,45.9,3.87,2.93,-0.06,1,2,forest,0,
2023-08-06,Uttarakhand,Chamoli,V004,Raini,30.5762,79.7361,2130,15.5,108.4,8.3,2.5,39.9,64.3,45.0,3.87,2.95,0.02,1,2,forest,0,
2023-08-07,Uttarakhand,Chamoli,V004,Raini,30.5762,79.7361,2130,15.5,108.4,8.9,4.3,25.9,67.1,44.8,3.87,2.85,-0.1,1,2,agriculture,0,
2023-08-08,Uttarakhand,Chamoli,V004,Raini,30.5762,79.7361,2130,15.5,108.4,11.6,5.8,28.8,71.5,45.6,3.87,2.92,0.07,1,2,forest,0,
2023-08-09,Uttarakhand,Chamoli,V004,Raini,30.5762,79.7361,2130,15.5,108.4,14.8,8.0,35.3,78.7,47.5,3.87,2.96,0.04,1,2,forest,0,
2023-08-10,Uttarakhand,Chamoli,V004,Raini,30.5762,79.7361,2130,15.5,108.4,37.2,19.9,63.6,112.4,58.6,3.87,3.28,0.32,1,2,forest,0,
2023-08-11,Uttarakhand,Chamoli,V004,Raini,30.5762,79.7361,2130,15.5,108.4,19.6,5.0,71.6,109.1,60.0,3.87,3.4,0.12,1,2,agriculture,0,
2023-08-12,Uttarakhand,Chamoli,V004,Raini,30.5762,79.7361,2130,15.5,108.4,8.0,2.8,64.8,108.4,57.0,3.87,3.31,-0.09,1,2,barren,0,
2023-08-13,Uttarakhand,Chamoli,V004,Raini,30.5762,79.7361,2130,15.5,108.4,4.6,1.4,32.2,104.7,52.0,3.87,3.21,-0.1,1,2,barren,0,
2023-08-14,Uttarakhand,Chamoli,V004,Raini,30.5762,79.7361,2130,15.5,108.4,14.2,6.4,26.8,110.0,49.5,3.87,3.26,0.05,1,2,agriculture,0,
2023-08-15,Uttarakhand,Chamoli,V004,Raini,30.5762,79.7361,2130,15.5,108.4,187.2,89.3,206.0,285.6,60.0,3.87,5.29,2.03,1,2,agriculture,1,4
2023-08-16,Uttarakhand,Chamoli,V004,Raini,30.5762,79.7361,2130,15.5,108.4,25.5,8.8,226.9,296.3,60.0,3.87,5.28,-0.01,1,2,forest,0,
2023-08-17,Uttarakhand,Chamoli,V004,Raini,30.5762,79.7361,2130,15.5,108.4,25.3,9.6,238.0,284.4,60.0,3.87,5.4,0.12,1,2,forest,0,
2023-08-18,Uttarakhand,Chamoli,V004,Raini,30.5762,79.7361,2130,15.5,108.4,1.7,0.5,52.5,266.5,54.6,3.87,5.16,-0.24,1,2,barren,0,
2023-08-19,Uttarakhand,Chamoli,V004,Raini,30.5762,79.7361,2130,15.5,108.4,5.4,2.4,32.4,263.9,53.2,3.87,5.01,-0.15,1,2,built-up,0,
2023-08-20,Uttarakhand,Chamoli,V004,Raini,30.5762,79.7361,2130,15.5,108.4,2.5,1.2,9.6,261.8,47.9,3.87,4.79,-0.22,1,2,agriculture,0,
2023-08-21,Uttarakhand,Chamoli,V004,Raini,30.5762,79.7361,2130,15.5,108.4,6.0,1.9,13.9,253.6,45.7,3.87,4.59,-0.2,1,2,built-up,0,
2023-08-22,Uttarakhand,Chamoli,V004,Raini,30.5762,79.7361,2130,15.5,108.4,14.1,4.3,22.6,80.5,46.5,3.87,4.44,-0.15,1,2,barren,0,
2023-08-23,Uttarakhand,Chamoli,V004,Raini,30.5762,79.7361,2130,15.5,108.4,20.3,6.7,40.4,75.3,49.9,3.87,4.49,0.05,1,2,forest,0,
2023-08-24,Uttarakhand,Chamoli,V004,Raini,30.5762,79.7361,2130,15.5,108.4,9.5,3.1,43.9,59.5,50.6,3.87,4.28,-0.21,1,2,built-up,0,
2023-08-25,Uttarakhand,Chamoli,V004,Raini,30.5762,79.7361,2130,15.5,108.4,27.0,9.6,56.8,84.8,57.5,3.87,4.37,0.09,1,2,forest,0,
2023-08-26,Uttarakhand,Chamoli,V004,Raini,30.5762,79.7361,2130,15.5,108.4,3.0,1.1,39.5,82.4,50.1,3.87,4.21,-0.16,1,2,forest,0,
2023-08-27,Uttarakhand,Chamoli,V004,Raini,30.5762,79.7361,2130,15.5,108.4,18.7,9.9,48.7,98.6,52.9,3.87,4.32,0.11,1,2,forest,0,
2023-08-28,Uttarakhand,Chamoli,V004,Raini,30.5762,79.7361,2130,15.5,108.4,0.6,0.3,22.3,93.2,47.2,3.87,4.2,-0.12,1,2,forest,0,
2023-08-29,Uttarakhand,Chamoli,V004,Raini,30.5762,79.7361,2130,15.5,108.4,19.2,8.3,38.5,98.3,50.4,3.87,4.24,0.04,1,2,forest,0,
2023-08-30,Uttarakhand,Chamoli,V004,Raini,30.5762,79.7361,2130,15.5,108.4,22.2,11.0,42.0,100.2,52.1,3.87,4.22,-0.02,1,2,forest,0,
2023-08-31,Uttarakhand,Chamoli,V004,Raini,30.5762,79.7361,2130,15.5,108.4,33.3,12.4,74.7,124.0,60.0,3.87,4.47,0.25,1,2,forest,0,
2023-09-01,Uttarakhand,Chamoli,V004,Raini,30.5762,79.7361,2130,15.5,108.4,2.2,0.6,57.7,99.2,54.5,3.87,4.21,-0.26,1,2,built-up,0,
2023-09-02,Uttarakhand,Chamoli,V004,Raini,30.5762,79.7361,2130,15.5,108.4,5.3,2.1,40.8,101.5,51.5,3.87,4.05,-0.16,1,2,barren,0,
2023-09-03,Uttarakhand,Chamoli,V004,Raini,30.5762,79.7361,2130,15.5,108.4,7.9,3.8,15.4,90.7,50.2,3.87,4.05,0.0,1,2,agriculture,0,
2023-09-04,Uttarakhand,Chamoli,V004,Raini,30.5762,79.7361,2130,15.5,108.4,8.6,2.5,21.8,98.7,48.8,3.87,4.01,-0.04,1,2,built-up,0,
2023-09-05,Uttarakhand,Chamoli,V004,Raini,30.5762,79.7361,2130,15.5,108.4,2.4,0.9,18.9,81.9,42.9,3.87,3.85,-0.16,1,2,agriculture,0,
2023-09-06,Uttarakhand,Chamoli,V004,Raini,30.5762,79.7361,2130,15.5,108.4,124.3,67.1,135.3,184.0,60.0,3.87,5.22,1.37,1,2,forest,0,
2023-09-07,Uttarakhand,Chamoli,V004,Raini,30.5762,79.7361,2130,15.5,108.4,3.7,2.0,130.4,154.4,56.8,3.87,4.98,-0.24,1,2,forest,0,
2023-09-08,Uttarakhand,Chamoli,V004,Raini,30.5762,79.7361,2130,15.5,108.4,19.3,10.3,147.3,171.5,59.9,3.87,4.98,0.0,1,2,forest,0,
2023-09-09,Uttarakhand,Chamoli,V004,Raini,30.5762,79.7361,2130,15.5,108.4,2.3,0.9,25.3,168.5,54.5,3.87,4.75,-0.23,1,2,agriculture,0,
2023-09-10,Uttarakhand,Chamoli,V004,Raini,30.5762,79.7361,2130,15.5,108.4,8.9,2.5,30.5,169.5,52.9,3.87,4.56,-0.19,1,2,forest,0,
2023-09-11,Uttarakhand,Chamoli,V004,Raini,30.5762,79.7361,2130,15.5,108.4,8.6,4.7,19.8,169.5,50.7,3.87,4.41,-0.15,1,2,built-up,0,
2023-09-12,Uttarakhand,Chamoli,V004,Raini,30.5762,79.7361,2130,15.5,108.4,6.0,2.5,23.5,173.1,48.7,3.87,4.24,-0.17,1,2,agriculture,0,
2023-09-13,Uttarakhand,Chamoli,V004,Raini,30.5762,79.7361,2130,15.5,108.4,6.3,2.1,20.9,55.1,46.5,3.87,4.08,-0.16,1,2,forest,0,
2023-09-14,Uttarakhand,Chamoli,V004,Raini,30.5762,79.7361,2130,15.5,108.4,6.9,2.3,19.2,58.3,45.0,3.87,3.95,-0.13,1,2,agriculture,0,
2023-09-15,Uttarakhand,Chamoli,V004,Raini,30.5762,79.7361,2130,15.5,108.4,11.6,5.8,24.8,50.6,44.5,3.87,3.92,-0.03,1,2,forest,0,
2023-09-16,Uttarakhand,Chamoli,V004,Raini,30.5762,79.7361,2130,15.5,108.4,6.1,1.7,24.6,54.4,41.6,3.87,3.83,-0.09,1,2,forest,0,
2023-09-17,Uttarakhand,Chamoli,V004,Raini,30.5762,79.7361,2130,15.5,108.4,3.4,1.2,21.1,48.9,39.5,3.87,3.56,-0.27,1,2,forest,0,
2023-09-18,Uttarakhand,Chamoli,V004,Raini,30.5762,79.7361,2130,15.5,108.4,16.2,4.8,25.7,56.5,42.3,3.87,3.54,-0.02,1,2,agriculture,0,
2023-09-19,Uttarakhand,Chamoli,V004,Raini,30.5762,79.7361,2130,15.5,108.4,1.9,0.5,21.5,52.4,40.4,3.87,3.34,-0.2,1,2,forest,0,
2023-09-20,Uttarakhand,Chamoli,V004,Raini,30.5762,79.7361,2130,15.5,108.4,1.9,0.6,20.0,48.0,37.9,3.87,3.17,-0.17,1,2,forest,0,
2023-09-21,Uttarakhand,Chamoli,V004,Raini,30.5762,79.7361,2130,15.5,108.4,1.7,0.8,5.5,42.8,34.4,3.87,3.09,-0.08,1,2,forest,0,
2023-09-22,Uttarakhand,Chamoli,V004,Raini,30.5762,79.7361,2130,15.5,108.4,3.4,0.9,7.0,34.6,33.7,3.87,3.01,-0.08,1,2,agriculture,0,
2023-09-23,Uttarakhand,Chamoli,V004,Raini,30.5762,79.7361,2130,15.5,108.4,14.2,5.6,19.3,42.7,34.7,3.87,3.12,0.11,1,2,agriculture,0,
2023-09-24,Uttarakhand,Chamoli,V004,Raini,30.5762,79.7361,2130,15.5,108.4,11.1,5.9,28.7,50.4,33.8,3.87,3.14,0.02,1,2,agriculture,0,
2023-09-25,Uttarakhand,Chamoli,V004,Raini,30.5762,79.7361,2130,15.5,108.4,9.9,4.9,35.2,44.1,35.0,3.87,3.07,-0.07,1,2,forest,0,
2023-09-26,Uttarakhand,Chamoli,V004,Raini,30.5762,79.7361,2130,15.5,108.4,12.5,5.3,33.5,54.7,36.9,3.87,3.14,0.07,1,2,agriculture,0,
2023-09-27,Uttarakhand,Chamoli,V004,Raini,30.5762,79.7361,2130,15.5,108.4,12.6,6.1,35.0,65.4,39.0,3.87,3.09,-0.05,1,2,forest,0,
2023-09-28,Uttarakhand,Chamoli,V004,Raini,30.5762,79.7361,2130,15.5,108.4,16.5,4.8,41.6,80.2,42.4,3.87,3.18,0.09,1,2,forest,0,
2023-09-29,Uttarakhand,Chamoli,V004,Raini,30.5762,79.7361,2130,15.5,108.4,8.5,3.3,37.6,85.3,41.4,3.87,3.15,-0.03,1,2,agriculture,0,
2023-09-30,Uttarakhand,Chamoli,V004,Raini,30.5762,79.7361,2130,15.5,108.4,2.5,0.9,27.5,73.6,40.2,3.87,3.04,-0.11,1,2,forest,0,
2023-10-01,Uttarakhand,Chamoli,V004,Raini,30.5762,79.7361,2130,15.5,108.4,7.1,3.0,18.1,69.6,38.2,3.87,2.97,-0.07,1,2,forest,0,
2023-10-02,Uttarakhand,Chamoli,V004,Raini,30.5762,79.7361,2130,15.5,108.4,1.2,0.4,10.8,60.9,35.9,3.87,2.79,-0.18,1,2,agriculture,0,
2023-10-03,Uttarakhand,Chamoli,V004,Raini,30.5762,79.7361,2130,15.5,108.4,13.6,6.6,21.9,62.0,39.0,3.87,2.87,0.08,1,2,barren,0,
2023-10-04,Uttarakhand,Chamoli,V004,Raini,30.5762,79.7361,2130,15.5,108.4,3.1,1.3,17.9,52.5,35.6,3.87,2.82,-0.05,1,2,agriculture,0,
2023-10-05,Uttarakhand,Chamoli,V004,Raini,30.5762,79.7361,2130,15.5,108.4,2.1,0.6,18.8,38.1,32.1,3.87,2.72,-0.1,1,2,agriculture,0,
2023-10-06,Uttarakhand,Chamoli,V004,Raini,30.5762,79.7361,2130,15.5,108.4,115.1,41.1,120.3,144.7,60.0,3.87,4.02,1.3,1,2,barren,0,
2023-10-07,Uttarakhand,Chamoli,V004,Raini,30.5762,79.7361,2130,15.5,108.4,7.4,2.0,124.6,149.6,54.8,3.87,3.95,-0.07,1,2,agriculture,0,
2023-10-08,Uttarakhand,Chamoli,V004,Raini,30.5762,79.7361,2130,15.5,108.4,1.8,0.5,124.3,144.3,49.4,3.87,3.85,-0.1,1,2,built-up,0,
2023-10-09,Uttarakhand,Chamoli,V004,Raini,30.5762,79.7361,2130,15.5,108.4,15.7,5.8,24.9,158.8,51.1,3.87,3.9,0.05,1,2,forest,0,
2023-10-10,Uttarakhand,Chamoli,V004,Raini,30.5762,79.7361,2130,15.5,108.4,14.5,4.2,32.0,159.7,53.5,3.87,3.92,0.02,1,2,built-up,0,
2023-06-01,Uttarakhand,Uttarkashi,V005,Bhatwari,30.7833,78.6667,1560,33.8,314.2,13.7,7.4,13.7,13.7,28.3,1.57,2.64,,3,0,agriculture,0,
2023-06-02,Uttarakhand,Uttarkashi,V005,Bhatwari,30.7833,78.6667,1560,33.8,314.2,2.8,0.7,16.5,16.5,26.8,1.57,2.49,-0.15,3,0,agriculture,0,
2023-06-03,Uttarakhand,Uttarkashi,V005,Bhatwari,30.7833,78.6667,1560,33.8,314.2,10.7,4.3,27.2,27.2,27.1,1.57,2.44,-0.05,3,0,forest,0,
2023-06-04,Uttarakhand,Uttarkashi,V005,Bhatwari,30.7833,78.6667,1560,33.8,314.2,12.0,5.9,25.5,39.2,30.8,1.57,2.49,0.05,3,0,forest,0,
2023-06-05,Uttarakhand,Uttarkashi,V005,Bhatwari,30.7833,78.6667,1560,33.8,314.2,4.3,1.8,27.0,43.5,31.6,1.57,2.46,-0.03,3,0,forest,0,
2023-06-06,Uttarakhand,Uttarkashi,V005,Bhatwari,30.7833,78.6667,1560,33.8,314.2,5.5,2.6,21.8,49.0,29.6,1.57,2.46,0.0,3,0,agriculture,0,
2023-06-07,Uttarakhand,Uttarkashi,V005,Bhatwari,30.7833,78.6667,1560,33.8,314.2,17.1,9.1,26.9,66.1,32.9,1.57,2.52,0.06,3,0,agriculture,0,
2023-06-08,Uttarakhand,Uttarkashi,V005,Bhatwari,30.7833,78.6667,1560,33.8,314.2,5.1,1.4,27.7,57.5,31.7,1.57,2.34,-0.18,3,0,forest,0,
2023-06-09,Uttarakhand,Uttarkashi,V005,Bhatwari,30.7833,78.6667,1560,33.8,314.2,0.7,0.3,22.9,55.4,28.1,1.57,2.15,-0.19,3,0,agriculture,0,
2023-06-10,Uttarakhand,Uttarkashi,V005,Bhatwari,30.7833,78.6667,1560,33.8,314.2,1.8,0.5,7.6,46.5,26.4,1.57,2.07,-0.08,3,0,forest,0,
2023-06-11,Uttarakhand,Uttarkashi,V005,Bhatwari,30.7833,78.6667,1560,33.8,314.2,28.9,10.2,31.4,63.4,34.8,1.57,2.3,0.23,3,0,forest,0,
2023-06-12,Uttarakhand,Uttarkashi,V005,Bhatwari,30.7833,78.6667,1560,33.8,314.2,2.8,0.8,33.5,61.9,34.6,1.57,2.28,-0.02,3,0,built-up,0,
2023-06-13,Uttarakhand,Uttarkashi,V005,Bhatwari,30.7833,78.6667,1560,33.8,314.2,1.0,0.3,32.7,57.4,32.5,1.57,2.22,-0.06,3,0,forest,0,
2023-06-14,Uttarakhand,Uttarkashi,V005,Bhatwari,30.7833,78.6667,1560,33.8,314.2,7.4,2.2,11.2,47.7,34.2,1.57,2.13,-0.09,3,0,forest,0,
2023-06-15,Uttarakhand,Uttarkashi,V005,Bhatwari,30.7833,78.6667,1560,33.8,314.2,15.0,6.6,23.4,57.6,37.1,1.57,2.22,0.09,3,0,forest,0,
2023-06-16,Uttarakhand,Uttarkashi,V005,Bhatwari,30.7833,78.6667,1560,33.8,314.2,10.1,5.2,32.5,67.0,37.8,1.57,2.11,-0.11,3,0,agriculture,0,
2023-06-17,Uttarakhand,Uttarkashi,V005,Bhatwari,30.7833,78.6667,1560,33.8,314.2,7.7,4.1,32.8,72.9,37.6,1.57,2.06,-0.05,3,0,agriculture,0,
2023-06-18,Uttarakhand,Uttarkashi,V005,Bhatwari,30.7833,78.6667,1560,33.8,314.2,4.8,1.3,22.6,48.8,36.6,1.57,2.02,-0.04,3,0,forest,0,
2023-06-19,Uttarakhand,Uttarkashi,V005,Bhatwari,30.7833,78.6667,1560,33.8,314.2,5.3,2.6,17.8,51.3,33.6,1.57,1.9,-0.12,3,0,built-up,0,
2023-06-20,Uttarakhand,Uttarkashi,V005,Bhatwari,30.7833,78.6667,1560,33.8,314.2,13.8,6.1,23.9,64.1,36.2,1.57,2.04,0.14,3,0,agriculture,0,
2023-06-21,Uttarakhand,Uttarkashi,V005,Bhatwari,30.7833,78.6667,1560,33.8,314.2,6.9,3.0,26.0,63.6,35.9,1.57,1.95,-0.09,3,0,forest,0,
2023-06-22,Uttarakhand,Uttarkashi,V005,Bhatwari,30.7833,78.6667,1560,33.8,314.2,8.3,3.4,29.0,56.9,36.4,1.57,1.9,-0.05,3,0,forest,0,
2023-06-23,Uttarakhand,Uttarkashi,V005,Bhatwari,30.7833,78.6667,1560,33.8,314.2,2.2,0.8,17.4,49.0,33.4,1.57,1.82,-0.08,3,0,agriculture,0,
2023-06-24,Uttarakhand,Uttarkashi,V005,Bhatwari,30.7833,78.6667,1560,33.8,314.2,4.2,2.1,14.7,45.5,31.7,1.57,1.72,-0.1,3,0,forest,0,
2023-06-25,Uttarakhand,Uttarkashi,V005,Bhatwari,30.7833,78.6667,1560,33.8,314.2,7.3,3.1,13.7,48.0,30.8,1.57,1.73,0.01,3,0,agriculture,0,
2023-06-26,Uttarakhand,Uttarkashi,V005,Bhatwari,30.7833,78.6667,1560,33.8,314.2,1.9,0.9,13.4,44.6,28.0,1.57,1.66,-0.07,3,0,forest,0,
2023-06-27,Uttarakhand,Uttarkashi,V005,Bhatwari,30.7833,78.6667,1560,33.8,314.2,1.3,0.6,10.5,32.1,25.8,1.57,1.64,-0.02,3,0,forest,0,
2023-06-28,Uttarakhand,Uttarkashi,V005,Bhatwari,30.7833,78.6667,1560,33.8,314.2,0.6,0.3,3.8,25.8,23.2,1.57,1.44,-0.2,3,0,agriculture,0,
2023-06-29,Uttarakhand,Uttarkashi,V005,Bhatwari,30.7833,78.6667,1560,33.8,314.2,7.3,2.7,9.2,24.8,24.3,1.57,1.43,-0.01,3,0,forest,0,
2023-06-30,Uttarakhand,Uttarkashi,V005,Bhatwari,30.7833,78.6667,1560,33.8,314.2,5.6,2.3,13.5,28.2,24.9,1.57,1.43,0.0,3,0,forest,0,
2023-07-01,Uttarakhand,Uttarkashi,V005,Bhatwari,30.7833,78.6667,1560,33.8,314.2,6.0,1.9,18.9,30.0,23.5,1.57,1.43,0.0,3,0,forest,0,
2023-07-02,Uttarakhand,Uttarkashi,V005,Bhatwari,30.7833,78.6667,1560,33.8,314.2,13.9,7.5,25.5,36.6,27.2,1.57,1.5,0.07,3,0,forest,0,
2023-07-03,Uttarakhand,Uttarkashi,V005,Bhatwari,30.7833,78.6667,1560,33.8,314.2,8.4,4.1,28.3,43.1,29.5,1.57,1.48,-0.02,3,0,agriculture,0,
2023-07-04,Uttarakhand,Uttarkashi,V005,Bhatwari,30.7833,78.6667,1560,33.8,314.2,18.2,7.4,40.5,60.0,32.8,1.57,1.71,0.23,3,0,forest,0,
2023-07-05,Uttarakhand,Uttarkashi,V005,Bhatwari,30.7833,78.6667,1560,33.8,314.2,33.0,11.8,59.6,92.4,41.6,1.57,2.1,0.39,3,0,forest,0,
2023-07-06,Uttarakhand,Uttarkashi,V005,Bhatwari,30.7833,78.6667,1560,33.8,314.2,43.2,18.2,94.4,128.3,55.4,1.57,2.47,0.37,3,0,forest,0,
2023-07-07,Uttarakhand,Uttarkashi,V005,Bhatwari,30.7833,78.6667,1560,33.8,314.2,30.0,13.8,106.2,152.7,60.0,1.57,2.78,0.31,3,0,built-up,0,
2023-07-08,Uttarakhand,Uttarkashi,V005,Bhatwari,30.7833,78.6667,1560,33.8,314.2,16.8,4.9,90.0,163.5,60.0,1.57,2.76,-0.02,3,0,agriculture,0,
2023-07-09,Uttarakhand,Uttarkashi,V005,Bhatwari,30.7833,78.6667,1560,33.8,314.2,1.9,0.6,48.7,151.5,54.9,1.57,2.68,-0.08,3,0,forest,0,
2023-07-10,Uttarakhand,Uttarkashi,V005,Bhatwari,30.7833,78.6667,1560,33.8,314.2,14.6,6.4,33.3,157.7,53.1,1.57,2.78,0.1,3,0,agriculture,0,
2023-07-11,Uttarakhand,Uttarkashi,V005,Bhatwari,30.7833,78.6667,1560,33.8,314.2,12.9,5.5,29.4,152.4,53.0,1.57,2.81,0.03,3,0,built-up,0,
2023-07-12,Uttarakhand,Uttarkashi,V005,Bhatwari,30.7833,78.6667,1560,33.8,314.2,25.0,13.1,52.5,144.4,56.4,1.57,2.98,0.17,3,0,forest,0,
2023-07-13,Uttarakhand,Uttarkashi,V005,Bhatwari,30.7833,78.6667,1560,33.8,314.2,7.8,3.3,45.7,109.0,53.2,1.57,3.02,0.04,3,0,forest,0,
2023-07-14,Uttarakhand,Uttarkashi,V005,Bhatwari,30.7833,78.6667,1560,33.8,314.2,4.3,1.7,37.1,83.3,48.9,1.57,2.88,-0.14,3,0,agriculture,0,
2023-07-15,Uttarakhand,Uttarkashi,V005,Bhatwari,30.7833,78.6667,1560,33.8,314.2,32.5,8.3,44.6,99.0,58.1,1.57,3.24,0.36,3,0,agriculture,0,
2023-07-16,Uttarakhand,Uttarkashi,V005,Bhatwari,30.7833,78.6667,1560,33.8,314.2,3.1,1.7,39.9,100.2,52.6,1.57,3.16,-0.08,3,0,built-up,0,
2023-07-17,Uttarakhand,Uttarkashi,V005,Bhatwari,30.7833,78.6667,1560,33.8,314.2,10.7,5.4,46.3,96.3,52.1,1.57,3.24,0.08,3,0,forest,0,
2023-07-18,Uttarakhand,Uttarkashi,V005,Bhatwari,30.7833,78.6667,1560,33.8,314.2,13.3,4.6,27.1,96.7,50.9,1.57,3.21,-0.03,3,0,barren,0,
2023-07-19,Uttarakhand,Uttarkashi,V005,Bhatwari,30.7833,78.6667,1560,33.8,314.2,20.0,9.6,44.0,91.7,53.9,1.57,3.24,0.03,3,0,agriculture,0,
2023-07-20,Uttarakhand,Uttarkashi,V005,Bhatwari,30.7833,78.6667,1560,33.8,314.2,10.6,3.3,43.9,94.5,50.8,1.57,3.21,-0.03,3,0,agriculture,0,
2023-07-21,Uttarakhand,Uttarkashi,V005,Bhatwari,30.7833,78.6667,1560,33.8,314.2,31.6,10.4,62.2,121.8,59.1,1.57,3.46,0.25,3,0,barren,0,
2023-07-22,Uttarakhand,Uttarkashi,V005,Bhatwari,30.7833,78.6667,1560,33.8,314.2,7.8,4.0,50.0,97.1,56.0,1.57,3.4,-0.06,3,0,barren,0,
2023-07-23,Uttarakhand,Uttarkashi,V005,Bhatwari,30.7833,78.6667,1560,33.8,314.2,3.0,0.9,42.4,97.0,50.5,1.57,3.22,-0.18,3,0,built-up,0,
2023-07-24,Uttarakhand,Uttarkashi,V005,Bhatwari,30.7833,78.6667,1560,33.8,314.2,4.8,2.4,15.6,91.1,47.8,1.57,3.15,-0.07,3,0,forest,0,
2023-07-25,Uttarakhand,Uttarkashi,V005,Bhatwari,30.7833,78.6667,1560,33.8,314.2,17.1,6.8,24.9,94.9,49.9,1.57,3.2,0.05,3,0,forest,0,
2023-07-26,Uttarakhand,Uttarkashi,V005,Bhatwari,30.7833,78.6667,1560,33.8,314.2,51.7,26.3,73.6,126.6,60.0,1.57,3.6,0.4,3,0,built-up,0,
2023-07-27,Uttarakhand,Uttarkashi,V005,Bhatwari,30.7833,78.6667,1560,33.8,314.2,23.7,11.2,92.5,139.7,60.0,1.57,3.65,0.05,3,0,built-up,0,
2023-07-28,Uttarakhand,Uttarkashi,V005,Bhatwari,30.7833,78.6667,1560,33.8,314.2,23.7,11.0,99.1,131.8,60.0,1.57,3.75,0.1,3,0,forest,0,
2023-07-29,Uttarakhand,Uttarkashi,V005,Bhatwari,30.7833,78.6667,1560,33.8,314.2,17.1,8.0,64.5,141.1,60.0,1.57,3.89,0.14,3,0,agriculture,0,
2023-07-30,Uttarakhand,Uttarkashi,V005,Bhatwari,30.7833,78.6667,1560,33.8,314.2,16.3,7.5,57.1,154.4,60.0,1.57,3.94,0.05,3,0,forest,0,
2023-07-31,Uttarakhand,Uttarkashi,V005,Bhatwari,30.7833,78.6667,1560,33.8,314.2,17.4,9.0,50.8,167.0,60.0,1.57,4.01,0.07,3,0,forest,0,
2023-08-01,Uttarakhand,Uttarkashi,V005,Bhatwari,30.7833,78.6667,1560,33.8,314.2,34.7,11.8,68.4,184.6,60.0,1.57,4.29,0.28,3,0,forest,0,
2023-08-02,Uttarakhand,Uttarkashi,V005,Bhatwari,30.7833,78.6667,1560,33.8,314.2,13.6,4.9,65.7,146.5,59.2,1.57,4.25,-0.04,3,0,agriculture,0,
2023-08-03,Uttarakhand,Uttarkashi,V005,Bhatwari,30.7833,78.6667,1560,33.8,314.2,82.7,26.9,131.0,205.5,60.0,1.57,5.04,0.79,3,0,agriculture,0,
2023-08-04,Uttarakhand,Uttarkashi,V005,Bhatwari,30.7833,78.6667,1560,33.8,314.2,8.3,4.0,104.6,190.1,57.8,1.57,4.87,-0.17,3,0,agriculture,0,
2023-08-05,Uttarakhand,Uttarkashi,V005,Bhatwari,30.7833,78.6667,1560,33.8,314.2,4.4,1.8,95.4,177.4,51.5,1.57,4.72,-0.15,3,0,barren,0,
2023-08-06,Uttarakhand,Uttarkashi,V005,Bhatwari,30.7833,78.6667,1560,33.8,314.2,2.4,0.9,15.1,163.5,45.9,1.57,4.49,-0.23,3,0,forest,0,
2023-08-07,Uttarakhand,Uttarkashi,V005,Bhatwari,30.7833,78.6667,1560,33.8,314.2,7.2,3.4,14.0,153.3,44.7,1.57,4.35,-0.14,3,0,forest,0,
2023-08-08,Uttarakhand,Uttarkashi,V005,Bhatwari,30.7833,78.6667,1560,33.8,314.2,22.5,8.2,32.1,141.1,50.7,1.57,4.44,0.09,3,0,forest,0,
2023-08-09,Uttarakhand,Uttarkashi,V005,Bhatwari,30.7833,78.6667,1560,33.8,314.2,30.9,14.0,60.6,158.4,57.6,1.57,4.65,0.21,3,0,built-up,0,
2023-08-10,Uttarakhand,Uttarkashi,V005,Bhatwari,30.7833,78.6667,1560,33.8,314.2,13.6,5.3,67.0,89.3,57.3,1.57,4.6,-0.05,3,0,barren,0,
2023-08-11,Uttarakhand,Uttarkashi,V005,Bhatwari,30.7833,78.6667,1560,33.8,314.2,6.6,3.3,51.1,87.6,55.0,1.57,4.46,-0.14,3,0,forest,0,
2023-08-12,Uttarakhand,Uttarkashi,V005,Bhatwari,30.7833,78.6667,1560,33.8,314.2,8.3,2.7,28.5,91.5,52.3,1.57,4.39,-0.07,3,0,built-up,0,
2023-08-13,Uttarakhand,Uttarkashi,V005,Bhatwari,30.7833,78.6667,1560,33.8,314.2,6.8,2.8,21.7,95.9,49.0,1.57,4.22,-0.17,3,0,forest,0,
2023-08-14,Uttarakhand,Uttarkashi,V005,Bhatwari,30.7833,78.6667,1560,33.8,314.2,2.5,1.0,17.6,91.2,44.4,1.57,4.02,-0.2,3,0,barren,0,
2023-08-15,Uttarakhand,Uttarkashi,V005,Bhatwari,30.7833,78.6667,1560,33.8,314.2,11.8,3.5,21.1,80.5,44.4,1.57,3.94,-0.08,3,0,agriculture,0,
2023-08-16,Uttarakhand,Uttarkashi,V005,Bhatwari,30.7833,78.6667,1560,33.8,314.2,16.5,8.6,30.8,66.1,47.0,1.57,3.92,-0.02,3,0,agriculture,0,
2023-08-17,Uttarakhand,Uttarkashi,V005,Bhatwari,30.7833,78.6667,1560,33.8,314.2,20.3,5.2,48.6,72.8,50.0,1.57,4.05,0.13,3,0,barren,0,
2023-08-18,Uttarakhand,Uttarkashi,V005,Bhatwari,30.7833,78.6667,1560,33.8,314.2,14.1,7.3,50.9,80.3,50.0,1.57,3.97,-0.08,3,0,forest,0,
2023-08-19,Uttarakhand,Uttarkashi,V005,Bhatwari,30.7833,78.6667,1560,33.8,314.2,3.5,1.6,37.9,75.5,44.8,1.57,3.79,-0.18,3,0,agriculture,0,
2023-08-20,Uttarakhand,Uttarkashi,V005,Bhatwari,30.7833,78.6667,1560,33.8,314.2,6.0,2.7,23.6,74.7,42.9,1.57,3.61,-0.18,3,0,forest,0,
2023-08-21,Uttarakhand,Uttarkashi,V005,Bhatwari,30.7833,78.6667,1560,33.8,314.2,4.1,2.2,13.6,76.3,38.5,1.57,3.47,-0.14,3,0,forest,0,
2023-08-22,Uttarakhand,Uttarkashi,V005,Bhatwari,30.7833,78.6667,1560,33.8,314.2,18.1,9.6,28.2,82.6,42.2,1.57,3.49,0.02,3,0,forest,0,
2023-08-23,Uttarakhand,Uttarkashi,V005,Bhatwari,30.7833,78.6667,1560,33.8,314.2,12.9,5.6,35.1,79.0,43.4,1.57,3.45,-0.04,3,0,barren,0,
2023-08-24,Uttarakhand,Uttarkashi,V005,Bhatwari,30.7833,78.6667,1560,33.8,314.2,10.2,4.5,41.2,68.9,41.9,1.57,3.34,-0.11,3,0,agriculture,0,
2023-08-25,Uttarakhand,Uttarkashi,V005,Bhatwari,30.7833,78.6667,1560,33.8,314.2,5.6,2.0,28.7,60.4,39.5,1.57,3.23,-0.11,3,0,forest,0,
2023-08-26,Uttarakhand,Uttarkashi,V005,Bhatwari,30.7833,78.6667,1560,33.8,314.2,10.1,4.4,25.9,67.0,38.6,1.57,3.26,0.03,3,0,built-up,0,
2023-08-27,Uttarakhand,Uttarkashi,V005,Bhatwari,30.7833,78.6667,1560,33.8,314.2,11.8,3.4,27.5,72.8,38.1,1.57,3.22,-0.04,3,0,agriculture,0,
2023-08-28,Uttarakhand,Uttarkashi,V005,Bhatwari,30.7833,78.6667,1560,33.8,314.2,23.4,8.1,45.3,92.1,43.8,1.57,3.31,0.09,3,0,forest,0,
2023-08-29,Uttarakhand,Uttarkashi,V005,Bhatwari,30.7833,78.6667,1560,33.8,314.2,7.2,2.0,42.4,81.2,42.1,1.57,3.18,-0.13,3,0,forest,0,
2023-08-30,Uttarakhand,Uttarkashi,V005,Bhatwari,30.7833,78.6667,1560,33.8,314.2,12.9,6.9,43.5,81.2,43.7,1.57,3.14,-0.04,3,0,agriculture,0,
2023-08-31,Uttarakhand,Uttarkashi,V005,Bhatwari,30.7833,78.6667,1560,33.8,314.2,14.8,4.4,34.9,85.8,46.2,1.57,3.14,0.0,3,0,forest,0,
2023-09-01,Uttarakhand,Uttarkashi,V005,Bhatwari,30.7833,78.6667,1560,33.8,314.2,10.2,5.5,37.9,90.4,46.3,1.57,3.19,0.05,3,0,built-up,0,
2023-09-02,Uttarakhand,Uttarkashi,V005,Bhatwari,30.7833,78.6667,1560,33.8,314.2,1.5,0.6,26.5,81.8,42.1,1.57,3.06,-0.13,3,0,agriculture,0,
2023-09-03,Uttarakhand,Uttarkashi,V005,Bhatwari,30.7833,78.6667,1560,33.8,314.2,6.2,3.2,17.9,76.2,41.9,1.57,3.0,-0.06,3,0,built-up,0,
2023-09-04,Uttarakhand,Uttarkashi,V005,Bhatwari,30.7833,78.6667,1560,33.8,314.2,3.3,1.6,11.0,56.1,37.1,1.57,2.9,-0.1,3,0,built-up,0,
2023-09-05,Uttarakhand,Uttarkashi,V005,Bhatwari,30.7833,78.6667,1560,33.8,314.2,10.1,3.7,19.6,59.0,37.3,1.57,2.85,-0.05,3,0,agriculture,0,
2023-09-06,Uttarakhand,Uttarkashi,V005,Bhatwari,30.7833,78.6667,1560,33.8,314.2,19.0,5.8,32.4,65.1,40.8,1.57,2.95,0.1,3,0,forest,0,
2023-09-07,Uttarakhand,Uttarkashi,V005,Bhatwari,30.7833,78.6667,1560,33.8,314.2,19.0,7.5,48.1,69.3,43.5,1.57,2.9,-0.05,3,0,built-up,0,
2023-09-08,Uttarakhand,Uttarkashi,V005,Bhatwari,30.7833,78.6667,1560,33.8,314.2,21.6,6.2,59.6,80.7,48.0,1.57,3.05,0.15,3,0,built-up,0,
2023-09-09,Uttarakhand,Uttarkashi,V005,Bhatwari,30.7833,78.6667,1560,33.8,314.2,2.2,1.0,42.8,81.4,45.6,1.57,2.96,-0.09,3,0,built-up,0,
2023-09-10,Uttarakhand,Uttarkashi,V005,Bhatwari,30.7833,78.6667,1560,33.8,314.2,7.0,1.9,30.8,82.2,44.2,1.57,2.94,-0.02,3,0,agriculture,0,
2023-09-11,Uttarakhand,Uttarkashi,V005,Bhatwari,30.7833,78.6667,1560,33.8,314.2,4.2,2.1,13.4,83.1,42.3,1.57,2.83,-0.11,3,0,forest,0,
2023-09-12,Uttarakhand,Uttarkashi,V005,Bhatwari,30.7833,78.6667,1560,33.8,314.2,9.8,3.0,21.0,82.8,42.5,1.57,2.82,-0.01,3,0,agriculture,0,
2023-09-13,Uttarakhand,Uttarkashi,V005,Bhatwari,30.7833,78.6667,1560,33.8,314.2,21.4,5.6,35.4,85.2,47.4,1.57,2.84,0.02,3,0,built-up,0,
2023-09-14,Uttarakhand,Uttarkashi,V005,Bhatwari,30.7833,78.6667,1560,33.8,314.2,3.6,1.9,34.8,69.8,46.0,1.57,2.66,-0.18,3,0,forest,0,
2023-09-15,Uttarakhand,Uttarkashi,V005,Bhatwari,30.7833,78.6667,1560,33.8,314.2,7.7,2.6,32.7,55.9,46.9,1.57,2.68,0.02,3,0,agriculture,0,
2023-09-16,Uttarakhand,Uttarkashi,V005,Bhatwari,30.7833,78.6667,1560,33.8,314.2,4.8,2.3,16.1,58.5,43.1,1.57,2.61,-0.07,3,0,agriculture,0,
2023-09-17,Uttarakhand,Uttarkashi,V005,Bhatwari,30.7833,78.6667,1560,33.8,314.2,7.3,3.2,19.8,58.8,41.4,1.57,2.69,0.08,3,0,agriculture,0,
2023-09-18,Uttarakhand,Uttarkashi,V005,Bhatwari,30.7833,78.6667,1560,33.8,314.2,8.0,2.4,20.1,62.6,38.4,1.57,2.65,-0.04,3,0,agriculture,0,
2023-09-19,Uttarakhand,Uttarkashi,V005,Bhatwari,30.7833,78.6667,1560,33.8,314.2,3.2,1.4,18.5,56.0,36.4,1.57,2.54,-0.11,3,0,barren,0,
2023-09-20,Uttarakhand,Uttarkashi,V005,Bhatwari,30.7833,78.6667,1560,33.8,314.2,0.7,0.3,11.9,35.3,33.1,1.57,2.45,-0.09,3,0,forest,0,
2023-09-21,Uttarakhand,Uttarkashi,V005,Bhatwari,30.7833,78.6667,1560,33.8,314.2,5.5,2.2,9.4,37.2,34.4,1.57,2.42,-0.03,3,0,forest,0,
2023-09-22,Uttarakhand,Uttarkashi,V005,Bhatwari,30.7833,78.6667,1560,33.8,314.2,0.2,0.1,6.4,29.7,30.4,1.57,2.26,-0.16,3,0,agriculture,0,
2023-09-23,Uttarakhand,Uttarkashi,V005,Bhatwari,30.7833,78.6667,1560,33.8,314.2,4.0,1.7,9.7,28.9,30.1,1.57,2.19,-0.07,3,0,forest,0,
2023-09-24,Uttarakhand,Uttarkashi,V005,Bhatwari,30.7833,78.6667,1560,33.8,314.2,4.3,1.8,8.5,25.9,28.8,1.57,2.07,-0.12,3,0,forest,0,
2023-09-25,Uttarakhand,Uttarkashi,V005,Bhatwari,30.7833,78.6667,1560,33.8,314.2,2.4,1.1,10.7,20.3,27.1,1.57,2.04,-0.03,3,0,built-up,0,
2023-09-26,Uttarakhand,Uttarkashi,V005,Bhatwari,30.7833,78.6667,1560,33.8,314.2,12.2,5.8,18.9,29.3,27.9,1.57,2.04,0.0,3,0,barren,0,
2023-09-27,Uttarakhand,Uttarkashi,V005,Bhatwari,30.7833,78.6667,1560,33.8,314.2,2.3,1.2,16.9,30.9,26.9,1.57,2.07,0.03,3,0,forest,0,
2023-09-28,Uttarakhand,Uttarkashi,V005,Bhatwari,30.7833,78.6667,1560,33.8,314.2,12.7,3.6,27.2,38.1,28.9,1.57,2.19,0.12,3,0,forest,0,
2023-09-29,Uttarakhand,Uttarkashi,V005,Bhatwari,30.7833,78.6667,1560,33.8,314.2,1.3,0.5,16.3,39.2,26.8,1.57,2.05,-0.14,3,0,built-up,0,
2023-09-30,Uttarakhand,Uttarkashi,V005,Bhatwari,30.7833,78.6667,1560,33.8,314.2,13.0,5.7,27.0,48.2,29.0,1.57,2.08,0.03,3,0,forest,0,
2023-10-01,Uttarakhand,Uttarkashi,V005,Bhatwari,30.7833,78.6667,1560,33.8,314.2,3.4,1.6,17.7,47.3,26.6,1.57,1.99,-0.09,3,0,built-up,0,
2023-10-02,Uttarakhand,Uttarkashi,V005,Bhatwari,30.7833,78.6667,1560,33.8,314.2,1.5,0.5,17.9,46.4,24.4,1.57,1.85,-0.14,3,0,barren,0,
2023-10-03,Uttarakhand,Uttarkashi,V005,Bhatwari,30.7833,78.6667,1560,33.8,314.2,6.1,1.9,11.0,40.3,24.0,1.57,1.9,0.05,3,0,agriculture,0,
2023-10-04,Uttarakhand,Uttarkashi,V005,Bhatwari,30.7833,78.6667,1560,33.8,314.2,16.0,6.6,23.6,54.0,27.8,1.57,1.99,0.09,3,0,built-up,0,
2023-10-05,Uttarakhand,Uttarkashi,V005,Bhatwari,30.7833,78.6667,1560,33.8,314.2,11.4,5.4,33.5,52.7,29.7,1.57,2.05,0.06,3,0,forest,0,
2023-10-06,Uttarakhand,Uttarkashi,V005,Bhatwari,30.7833,78.6667,1560,33.8,314.2,6.1,2.9,33.5,57.5,29.4,1.57,2.05,0.0,3,0,forest,0,
2023-10-07,Uttarakhand,Uttarkashi,V005,Bhatwari,30.7833,78.6667,1560,33.8,314.2,11.8,4.0,29.3,56.3,32.4,1.57,2.07,0.02,3,0,agriculture,0,
2023-10-08,Uttarakhand,Uttarkashi,V005,Bhatwari,30.7833,78.6667,1560,33.8,314.2,5.7,2.0,23.6,58.6,31.7,1.57,2.0,-0.07,3,0,agriculture,0,
2023-10-09,Uttarakhand,Uttarkashi,V005,Bhatwari,30.7833,78.6667,1560,33.8,314.2,17.0,5.4,34.5,74.1,35.1,1.57,2.09,0.09,3,0,agriculture,0,
2023-10-10,Uttarakhand,Uttarkashi,V005,Bhatwari,30.7833,78.6667,1560,33.8,314.2,4.6,1.9,27.3,72.6,32.4,1.57,2.12,0.03,3,0,agriculture,0,
2023-06-01,Himachal Pradesh,Kullu,V006,Manikaran,32.0333,77.35,1737,32.5,147.9,13.3,6.9,13.3,13.3,28.4,1.97,3.99,,1,2,built-up,0,
2023-06-02,Himachal Pradesh,Kullu,V006,Manikaran,32.0333,77.35,1737,32.5,147.9,6.0,3.2,19.3,19.3,29.1,1.97,3.84,-0.15,1,2,built-up,0,
2023-06-03,Himachal Pradesh,Kullu,V006,Manikaran,32.0333,77.35,1737,32.5,147.9,8.0,3.3,27.3,27.3,30.4,1.97,3.73,-0.11,1,2,forest,0,
2023-06-04,Himachal Pradesh,Kullu,V006,Manikaran,32.0333,77.35,1737,32.5,147.9,7.9,3.2,21.9,35.2,31.8,1.97,3.63,-0.1,1,2,built-up,0,
2023-06-05,Himachal Pradesh,Kullu,V006,Manikaran,32.0333,77.35,1737,32.5,147.9,1.0,0.3,16.9,36.2,30.0,1.97,3.42,-0.21,1,2,agriculture,0,
2023-06-06,Himachal Pradesh,Kullu,V006,Manikaran,32.0333,77.35,1737,32.5,147.9,4.0,1.4,12.9,40.2,28.1,1.97,3.3,-0.12,1,2,forest,0,
2023-06-07,Himachal Pradesh,Kullu,V006,Manikaran,32.0333,77.35,1737,32.5,147.9,8.4,3.9,13.4,48.6,28.9,1.97,3.21,-0.09,1,2,forest,0,
2023-06-08,Himachal Pradesh,Kullu,V006,Manikaran,32.0333,77.35,1737,32.5,147.9,6.2,1.6,18.6,41.5,27.4,1.97,3.14,-0.07,1,2,agriculture,0,
2023-06-09,Himachal Pradesh,Kullu,V006,Manikaran,32.0333,77.35,1737,32.5,147.9,8.1,3.0,22.7,43.6,29.0,1.97,3.0,-0.14,1,2,barren,0,
2023-06-10,Himachal Pradesh,Kullu,V006,Manikaran,32.0333,77.35,1737,32.5,147.9,6.7,3.6,21.0,42.3,29.3,1.97,2.95,-0.05,1,2,forest,0,
2023-06-11,Himachal Pradesh,Kullu,V006,Manikaran,32.0333,77.35,1737,32.5,147.9,2.5,1.4,17.3,36.9,27.5,1.97,2.8,-0.15,1,2,forest,0,
2023-06-12,Himachal Pradesh,Kullu,V006,Manikaran,32.0333,77.35,1737,32.5,147.9,5.7,2.0,14.9,41.6,25.8,1.97,2.71,-0.09,1,2,barren,0,
2023-06-13,Himachal Pradesh,Kullu,V006,Manikaran,32.0333,77.35,1737,32.5,147.9,4.3,1.8,12.5,41.9,25.0,1.97,2.66,-0.05,1,2,forest,0,
2023-06-14,Himachal Pradesh,Kullu,V006,Manikaran,32.0333,77.35,1737,32.5,147.9,5.1,2.8,15.1,38.6,22.9,1.97,2.6,-0.06,1,2,agriculture,0,
2023-06-15,Himachal Pradesh,Kullu,V006,Manikaran,32.0333,77.35,1737,32.5,147.9,1.0,0.6,10.4,33.4,21.0,1.97,2.54,-0.06,1,2,agriculture,0,
2023-06-16,Himachal Pradesh,Kullu,V006,Manikaran,32.0333,77.35,1737,32.5,147.9,8.0,4.4,14.1,33.3,20.6,1.97,2.43,-0.11,1,2,built-up,0,
2023-06-17,Himachal Pradesh,Kullu,V006,Manikaran,32.0333,77.35,1737,32.5,147.9,16.4,5.8,25.4,43.0,26.5,1.97,2.49,0.06,1,2,agriculture,0,
2023-06-18,Himachal Pradesh,Kullu,V006,Manikaran,32.0333,77.35,1737,32.5,147.9,8.7,2.8,33.1,49.2,28.7,1.97,2.47,-0.02,1,2,forest,0,
2023-06-19,Himachal Pradesh,Kullu,V006,Manikaran,32.0333,77.35,1737,32.5,147.9,1.5,0.6,26.6,45.0,26.9,1.97,2.36,-0.11,1,2,agriculture,0,
2023-06-20,Himachal Pradesh,Kullu,V006,Manikaran,32.0333,77.35,1737,32.5,147.9,13.8,5.0,24.0,54.5,29.9,1.97,2.4,0.04,1,2,forest,0,
2023-06-21,Himachal Pradesh,Kullu,V006,Manikaran,32.0333,77.35,1737,32.5,147.9,3.1,1.6,18.4,52.5,28.9,1.97,2.31,-0.09,1,2,barren,0,
2023-06-22,Himachal Pradesh,Kullu,V006,Manikaran,32.0333,77.35,1737,32.5,147.9,0.9,0.3,17.8,52.4,25.8,1.97,2.19,-0.12,1,2,forest,0,
2023-06-23,Himachal Pradesh,Kullu,V006,Manikaran,32.0333,77.35,1737,32.5,147.9,4.3,1.5,8.3,48.7,24.3,1.97,2.09,-0.1,1,2,barren,0,
2023-06-24,Himachal Pradesh,Kullu,V006,Manikaran,32.0333,77.35,1737,32.5,147.9,1.9,0.6,7.1,34.2,20.5,1.97,2.06,-0.03,1,2,agriculture,0,
2023-06-25,Himachal Pradesh,Kullu,V006,Manikaran,32.0333,77.35,1737,32.5,147.9,13.1,3.5,19.3,38.6,25.2,1.97,2.15,0.09,1,2,forest,0,
2023-06-26,Himachal Pradesh,Kullu,V006,Manikaran,32.0333,77.35,1737,32.5,147.9,6.0,3.2,21.0,43.1,26.3,1.97,2.17,0.02,1,2,agriculture,0,
2023-06-27,Himachal Pradesh,Kullu,V006,Manikaran,32.0333,77.35,1737,32.5,147.9,1.5,0.5,20.6,30.8,23.8,1.97,2.01,-0.16,1,2,built-up,0,
2023-06-28,Himachal Pradesh,Kullu,V006,Manikaran,32.0333,77.35,1737,32.5,147.9,4.1,2.2,11.6,31.8,21.8,1.97,1.93,-0.08,1,2,forest,0,
2023-06-29,Himachal Pradesh,Kullu,V006,Manikaran,32.0333,77.35,1737,32.5,147.9,11.2,4.5,16.8,42.1,24.6,1.97,1.99,0.06,1,2,built-up,0,
2023-06-30,Himachal Pradesh,Kullu,V006,Manikaran,32.0333,77.35,1737,32.5,147.9,16.8,7.7,32.1,54.6,27.8,1.97,2.09,0.1,1,2,forest,0,
2023-07-01,Himachal Pradesh,Kullu,V006,Manikaran,32.0333,77.35,1737,32.5,147.9,12.3,4.2,40.3,65.0,29.4,1.97,2.18,0.09,1,2,agriculture,0,
2023-07-02,Himachal Pradesh,Kullu,V006,Manikaran,32.0333,77.35,1737,32.5,147.9,25.5,11.4,54.6,77.4,37.7,1.97,2.41,0.23,1,2,forest,0,
2023-07-03,Himachal Pradesh,Kullu,V006,Manikaran,32.0333,77.35,1737,32.5,147.9,15.5,5.2,53.3,86.9,38.1,1.97,2.46,0.05,1,2,agriculture,0,
2023-07-04,Himachal Pradesh,Kullu,V006,Manikaran,32.0333,77.35,1737,32.5,147.9,15.2,4.0,56.2,100.6,41.3,1.97,2.52,0.06,1,2,forest,0,
2023-07-05,Himachal Pradesh,Kullu,V006,Manikaran,32.0333,77.35,1737,32.5,147.9,2.8,1.0,33.5,99.3,38.0,1.97,2.34,-0.18,1,2,forest,0,
2023-07-06,Himachal Pradesh,Kullu,V006,Manikaran,32.0333,77.35,1737,32.5,147.9,8.0,3.9,26.0,96.1,37.7,1.97,2.34,0.0,1,2,built-up,0,
2023-07-07,Himachal Pradesh,Kullu,V006,Manikaran,32.0333,77.35,1737,32.5,147.9,6.5,2.5,17.3,85.8,36.0,1.97,2.3,-0.04,1,2,agriculture,0,
2023-07-08,Himachal Pradesh,Kullu,V006,Manikaran,32.0333,77.35,1737,32.5,147.9,12.1,3.5,26.6,85.6,36.5,1.97,2.38,0.08,1,2,forest,0,
2023-07-09,Himachal Pradesh,Kullu,V006,Manikaran,32.0333,77.35,1737,32.5,147.9,124.3,63.8,142.9,184.4,60.0,1.97,3.85,1.47,1,2,forest,1,3
2023-07-10,Himachal Pradesh,Kullu,V006,Manikaran,32.0333,77.35,1737,32.5,147.9,24.8,6.8,161.2,193.7,60.0,1.97,3.93,0.08,1,2,forest,0,
2023-07-11,Himachal Pradesh,Kullu,V006,Manikaran,32.0333,77.35,1737,32.5,147.9,9.6,4.1,158.7,188.1,58.3,1.97,3.89,-0.04,1,2,forest,0,
2023-07-12,Himachal Pradesh,Kullu,V006,Manikaran,32.0333,77.35,1737,32.5,147.9,6.0,3.3,40.4,191.3,55.9,1.97,3.72,-0.17,1,2,barren,0,
2023-07-13,Himachal Pradesh,Kullu,V006,Manikaran,32.0333,77.35,1737,32.5,147.9,5.6,2.6,21.2,188.9,53.0,1.97,3.65,-0.07,1,2,agriculture,0,
2023-07-14,Himachal Pradesh,Kullu,V006,Manikaran,32.0333,77.35,1737,32.5,147.9,17.3,6.6,28.9,199.7,53.8,1.97,3.67,0.02,1,2,built-up,0,
2023-07-15,Himachal Pradesh,Kullu,V006,Manikaran,32.0333,77.35,1737,32.5,147.9,9.7,2.6,32.6,197.3,51.2,1.97,3.48,-0.19,1,2,barren,0,
2023-07-16,Himachal Pradesh,Kullu,V006,Manikaran,32.0333,77.35,1737,32.5,147.9,3.5,1.9,30.5,76.5,48.6,1.97,3.33,-0.15,1,2,forest,0,
2023-07-17,Himachal Pradesh,Kullu,V006,Manikaran,32.0333,77.35,1737,32.5,147.9,1.0,0.5,14.2,52.7,43.2,1.97,3.12,-0.21,1,2,forest,0,
2023-07-18,Himachal Pradesh,Kullu,V006,Manikaran,32.0333,77.35,1737,32.5,147.9,10.3,5.3,14.8,53.4,43.1,1.97,3.0,-0.12,1,2,forest,0,
2023-07-19,Himachal Pradesh,Kullu,V006,Manikaran,32.0333,77.35,1737,32.5,147.9,1.0,0.3,12.3,48.4,40.4,1.97,2.85,-0.15,1,2,built-up,0,
2023-07-20,Himachal Pradesh,Kullu,V006,Manikaran,32.0333,77.35,1737,32.5,147.9,16.8,8.8,28.1,59.6,41.5,1.97,2.94,0.09,1,2,forest,0,
2023-07-21,Himachal Pradesh,Kullu,V006,Manikaran,32.0333,77.35,1737,32.5,147.9,21.7,7.6,39.5,64.0,45.1,1.97,3.05,0.11,1,2,built-up,0,
2023-07-22,Himachal Pradesh,Kullu,V006,Manikaran,32.0333,77.35,1737,32.5,147.9,4.0,1.1,42.5,58.3,42.6,1.97,3.01,-0.04,1,2,forest,0,
2023-07-23,Himachal Pradesh,Kullu,V006,Manikaran,32.0333,77.35,1737,32.5,147.9,16.6,8.2,42.3,71.4,43.8,1.97,2.99,-0.02,1,2,agriculture,0,
2023-07-24,Himachal Pradesh,Kullu,V006,Manikaran,32.0333,77.35,1737,32.5,147.9,22.6,10.2,43.2,93.0,49.9,1.97,3.08,0.09,1,2,forest,0,
2023-07-25,Himachal Pradesh,Kullu,V006,Manikaran,32.0333,77.35,1737,32.5,147.9,4.6,2.3,43.8,87.3,46.8,1.97,3.0,-0.08,1,2,forest,0,
2023-07-26,Himachal Pradesh,Kullu,V006,Manikaran,32.0333,77.35,1737,32.5,147.9,43.4,21.7,70.6,129.7,60.0,1.97,3.35,0.35,1,2,agriculture,0,
2023-07-27,Himachal Pradesh,Kullu,V006,Manikaran,32.0333,77.35,1737,32.5,147.9,22.8,5.9,70.8,135.7,60.0,1.97,3.47,0.12,1,2,built-up,0,
2023-07-28,Himachal Pradesh,Kullu,V006,Manikaran,32.0333,77.35,1737,32.5,147.9,8.5,2.7,74.7,122.5,56.8,1.97,3.42,-0.05,1,2,agriculture,0,
2023-07-29,Himachal Pradesh,Kullu,V006,Manikaran,32.0333,77.35,1737,32.5,147.9,8.2,3.6,39.5,126.7,53.8,1.97,3.33,-0.09,1,2,agriculture,0,
2023-07-30,Himachal Pradesh,Kullu,V006,Manikaran,32.0333,77.35,1737,32.5,147.9,34.9,13.0,51.6,145.0,60.0,1.97,3.53,0.2,1,2,agriculture,0,
2023-07-31,Himachal Pradesh,Kullu,V006,Manikaran,32.0333,77.35,1737,32.5,147.9,3.7,1.2,46.8,126.1,56.2,1.97,3.41,-0.12,1,2,forest,0,
2023-08-01,Himachal Pradesh,Kullu,V006,Manikaran,32.0333,77.35,1737,32.5,147.9,12.8,4.4,51.4,134.3,56.2,1.97,3.37,-0.04,1,2,forest,0,
2023-08-02,Himachal Pradesh,Kullu,V006,Manikaran,32.0333,77.35,1737,32.5,147.9,5.8,2.2,22.3,96.7,52.5,1.97,3.28,-0.09,1,2,forest,0,
2023-08-03,Himachal Pradesh,Kullu,V006,Manikaran,32.0333,77.35,1737,32.5,147.9,4.7,2.5,23.3,78.6,49.6,1.97,3.15,-0.13,1,2,agriculture,0,
2023-08-04,Himachal Pradesh,Kullu,V006,Manikaran,32.0333,77.35,1737,32.5,147.9,27.8,12.6,38.3,97.9,54.4,1.97,3.37,0.22,1,2,forest,0,
2023-08-05,Himachal Pradesh,Kullu,V006,Manikaran,32.0333,77.35,1737,32.5,147.9,26.1,14.3,58.6,115.8,59.3,1.97,3.54,0.17,1,2,agriculture,0,
2023-08-06,Himachal Pradesh,Kullu,V006,Manikaran,32.0333,77.35,1737,32.5,147.9,6.2,2.8,60.1,87.1,56.6,1.97,3.4,-0.14,1,2,forest,0,
2023-08-07,Himachal Pradesh,Kullu,V006,Manikaran,32.0333,77.35,1737,32.5,147.9,14.7,5.6,47.0,98.1,56.9,1.97,3.32,-0.08,1,2,built-up,0,
2023-08-08,Himachal Pradesh,Kullu,V006,Manikaran,32.0333,77.35,1737,32.5,147.9,8.1,2.4,29.0,93.4,54.8,1.97,3.28,-0.04,1,2,forest,0,
2023-08-09,Himachal Pradesh,Kullu,V006,Manikaran,32.0333,77.35,1737,32.5,147.9,12.1,5.6,34.9,99.7,53.9,1.97,3.3,0.02,1,2,forest,0,
2023-08-10,Himachal Pradesh,Kullu,V006,Manikaran,32.0333,77.35,1737,32.5,147.9,5.6,1.7,25.8,100.6,50.2,1.97,3.24,-0.06,1,2,agriculture,0,
2023-08-11,Himachal Pradesh,Kullu,V006,Manikaran,32.0333,77.35,1737,32.5,147.9,38.2,20.0,55.9,111.0,58.9,1.97,3.57,0.33,1,2,barren,0,
2023-08-12,Himachal Pradesh,Kullu,V006,Manikaran,32.0333,77.35,1737,32.5,147.9,8.3,3.7,52.1,93.2,57.7,1.97,3.49,-0.08,1,2,forest,0,
2023-08-13,Himachal Pradesh,Kullu,V006,Manikaran,32.0333,77.35,1737,32.5,147.9,8.8,4.3,55.3,95.8,54.6,1.97,3.39,-0.1,1,2,forest,0,
2023-08-14,Himachal Pradesh,Kullu,V006,Manikaran,32.0333,77.35,1737,32.5,147.9,11.2,4.2,28.3,92.3,53.1,1.97,3.39,0.0,1,2,forest,0,
2023-08-15,Himachal Pradesh,Kullu,V006,Manikaran,32.0333,77.35,1737,32.5,147.9,22.3,8.6,42.3,106.5,56.8,1.97,3.54,0.15,1,2,forest,0,
2023-08-16,Himachal Pradesh,Kullu,V006,Manikaran,32.0333,77.35,1737,32.5,147.9,25.3,6.8,58.8,119.7,60.0,1.97,3.56,0.02,1,2,barren,0,
2023-08-17,Himachal Pradesh,Kullu,V006,Manikaran,32.0333,77.35,1737,32.5,147.9,32.6,14.0,80.2,146.7,60.0,1.97,3.76,0.2,1,2,agriculture,0,
2023-08-18,Himachal Pradesh,Kullu,V006,Manikaran,32.0333,77.35,1737,32.5,147.9,25.5,7.5,83.4,134.0,60.0,1.97,3.91,0.15,1,2,forest,0,
2023-08-19,Himachal Pradesh,Kullu,V006,Manikaran,32.0333,77.35,1737,32.5,147.9,6.2,3.3,64.3,131.9,57.6,1.97,3.86,-0.05,1,2,forest,0,
2023-08-20,Himachal Pradesh,Kullu,V006,Manikaran,32.0333,77.35,1737,32.5,147.9,8.7,3.7,40.4,131.8,56.5,1.97,3.63,-0.23,1,2,forest,0,
2023-08-21,Himachal Pradesh,Kullu,V006,Manikaran,32.0333,77.35,1737,32.5,147.9,38.8,12.4,53.7,159.4,60.0,1.97,3.93,0.3,1,2,forest,0,
2023-08-22,Himachal Pradesh,Kullu,V006,Manikaran,32.0333,77.35,1737,32.5,147.9,31.1,15.5,78.6,168.2,60.0,1.97,4.08,0.15,1,2,built-up,0,
2023-08-23,Himachal Pradesh,Kullu,V006,Manikaran,32.0333,77.35,1737,32.5,147.9,8.1,3.5,78.0,151.0,59.2,1.97,3.87,-0.21,1,2,agriculture,0,
2023-08-24,Himachal Pradesh,Kullu,V006,Manikaran,32.0333,77.35,1737,32.5,147.9,11.1,4.4,50.3,129.5,59.1,1.97,3.8,-0.07,1,2,forest,0,
2023-08-25,Himachal Pradesh,Kullu,V006,Manikaran,32.0333,77.35,1737,32.5,147.9,3.6,1.9,22.8,107.6,56.8,1.97,3.68,-0.12,1,2,agriculture,0,
2023-08-26,Himachal Pradesh,Kullu,V006,Manikaran,32.0333,77.35,1737,32.5,147.9,10.3,4.0,25.0,111.7,54.3,1.97,3.59,-0.09,1,2,forest,0,
2023-08-27,Himachal Pradesh,Kullu,V006,Manikaran,32.0333,77.35,1737,32.5,147.9,21.8,10.1,35.7,124.8,58.2,1.97,3.54,-0.05,1,2,forest,0,
2023-08-28,Himachal Pradesh,Kullu,V006,Manikaran,32.0333,77.35,1737,32.5,147.9,21.3,6.4,53.4,107.3,59.2,1.97,3.55,0.01,1,2,built-up,0,
2023-08-29,Himachal Pradesh,Kullu,V006,Manikaran,32.0333,77.35,1737,32.5,147.9,22.4,9.7,65.5,98.6,60.0,1.97,3.61,0.06,1,2,barren,0,
2023-08-30,Himachal Pradesh,Kullu,V006,Manikaran,32.0333,77.35,1737,32.5,147.9,35.0,11.3,78.7,125.5,60.0,1.97,3.81,0.2,1,2,forest,0,
2023-08-31,Himachal Pradesh,Kullu,V006,Manikaran,32.0333,77.35,1737,32.5,147.9,2.7,1.4,60.1,117.1,53.8,1.97,3.59,-0.22,1,2,forest,0,
2023-09-01,Himachal Pradesh,Kullu,V006,Manikaran,32.0333,77.35,1737,32.5,147.9,12.9,6.3,50.6,126.4,54.1,1.97,3.54,-0.05,1,2,agriculture,0,
2023-09-02,Himachal Pradesh,Kullu,V006,Manikaran,32.0333,77.35,1737,32.5,147.9,7.3,3.5,22.9,123.4,51.2,1.97,3.52,-0.02,1,2,barren,0,
2023-09-03,Himachal Pradesh,Kullu,V006,Manikaran,32.0333,77.35,1737,32.5,147.9,16.9,8.8,37.1,118.5,52.4,1.97,3.57,0.05,1,2,forest,0,
2023-09-04,Himachal Pradesh,Kullu,V006,Manikaran,32.0333,77.35,1737,32.5,147.9,9.9,3.3,34.1,107.1,51.2,1.97,3.45,-0.12,1,2,agriculture,0,
2023-09-05,Himachal Pradesh,Kullu,V006,Manikaran,32.0333,77.35,1737,32.5,147.9,11.1,2.8,37.9,95.8,50.7,1.97,3.31,-0.14,1,2,agriculture,0,
2023-09-06,Himachal Pradesh,Kullu,V006,Manikaran,32.0333,77.35,1737,32.5,147.9,24.6,9.9,45.6,85.4,55.4,1.97,3.52,0.21,1,2,forest,0,
2023-09-07,Himachal Pradesh,Kullu,V006,Manikaran,32.0333,77.35,1737,32.5,147.9,2.6,0.8,38.3,85.3,51.3,1.97,3.37,-0.15,1,2,forest,0,
2023-09-08,Himachal Pradesh,Kullu,V006,Manikaran,32.0333,77.35,1737,32.5,147.9,10.0,4.9,37.2,82.4,47.1,1.97,3.33,-0.04,1,2,built-up,0,
2023-09-09,Himachal Pradesh,Kullu,V006,Manikaran,32.0333,77.35,1737,32.5,147.9,7.4,2.8,20.0,82.5,44.3,1.97,3.28,-0.05,1,2,forest,0,
2023-09-10,Himachal Pradesh,Kullu,V006,Manikaran,32.0333,77.35,1737,32.5,147.9,4.9,2.2,22.3,70.5,43.0,1.97,3.15,-0.13,1,2,forest,0,
2023-09-11,Himachal Pradesh,Kullu,V006,Manikaran,32.0333,77.35,1737,32.5,147.9,2.0,0.6,14.3,62.6,40.2,1.97,3.03,-0.12,1,2,forest,0,
2023-09-12,Himachal Pradesh,Kullu,V006,Manikaran,32.0333,77.35,1737,32.5,147.9,13.5,6.2,20.4,65.0,41.1,1.97,3.05,0.02,1,2,agriculture,0,
2023-09-13,Himachal Pradesh,Kullu,V006,Manikaran,32.0333,77.35,1737,32.5,147.9,10.6,5.3,26.1,51.0,41.3,1.97,2.86,-0.19,1,2,agriculture,0,
2023-09-14,Himachal Pradesh,Kullu,V006,Manikaran,32.0333,77.35,1737,32.5,147.9,3.3,1.2,27.4,51.7,38.4,1.97,2.65,-0.21,1,2,agriculture,0,
2023-09-15,Himachal Pradesh,Kullu,V006,Manikaran,32.0333,77.35,1737,32.5,147.9,11.2,3.2,25.1,52.9,38.3,1.97,2.61,-0.04,1,2,agriculture,0,
2023-09-16,Himachal Pradesh,Kullu,V006,Manikaran,32.0333,77.35,1737,32.5,147.9,4.3,1.5,18.8,49.8,38.4,1.97,2.62,0.01,1,2,forest,0,
2023-09-17,Himachal Pradesh,Kullu,V006,Manikaran,32.0333,77.35,1737,32.5,147.9,9.6,3.1,25.1,54.5,38.4,1.97,2.69,0.07,1,2,forest,0,
2023-09-18,Himachal Pradesh,Kullu,V006,Manikaran,32.0333,77.35,1737,32.5,147.9,5.4,2.0,19.3,57.9,36.0,1.97,2.68,-0.01,1,2,agriculture,0,
2023-09-19,Himachal Pradesh,Kullu,V006,Manikaran,32.0333,77.35,1737,32.5,147.9,10.7,3.3,25.7,55.1,35.9,1.97,2.65,-0.03,1,2,built-up,0,
2023-09-20,Himachal Pradesh,Kullu,V006,Manikaran,32.0333,77.35,1737,32.5,147.9,12.2,3.5,28.3,56.7,37.2,1.97,2.6,-0.05,1,2,forest,0,
2023-09-21,Himachal Pradesh,Kullu,V006,Manikaran,32.0333,77.35,1737,32.5,147.9,6.3,2.1,29.2,59.7,36.2,1.97,2.6,0.0,1,2,barren,0,
2023-09-22,Himachal Pradesh,Kullu,V006,Manikaran,32.0333,77.35,1737,32.5,147.9,15.7,4.2,34.2,64.2,38.9,1.97,2.73,0.13,1,2,forest,0,
2023-09-23,Himachal Pradesh,Kullu,V006,Manikaran,32.0333,77.35,1737,32.5,147.9,4.5,1.9,26.5,64.4,36.1,1.97,2.64,-0.09,1,2,barren,0,
2023-09-24,Himachal Pradesh,Kullu,V006,Manikaran,32.0333,77.35,1737,32.5,147.9,3.1,1.2,23.3,57.9,32.9,1.97,2.53,-0.11,1,2,built-up,0,
2023-09-25,Himachal Pradesh,Kullu,V006,Manikaran,32.0333,77.35,1737,32.5,147.9,4.2,1.8,11.8,56.7,31.8,1.97,2.46,-0.07,1,2,agriculture,0,
2023-09-26,Himachal Pradesh,Kullu,V006,Manikaran,32.0333,77.35,1737,32.5,147.9,10.4,3.2,17.7,56.4,32.1,1.97,2.48,0.02,1,2,built-up,0,
2023-09-27,Himachal Pradesh,Kullu,V006,Manikaran,32.0333,77.35,1737,32.5,147.9,4.5,1.5,19.1,48.7,29.8,1.97,2.28,-0.2,1,2,barren,0,
2023-09-28,Himachal Pradesh,Kullu,V006,Manikaran,32.0333,77.35,1737,32.5,147.9,5.2,1.4,20.1,47.6,28.4,1.97,2.24,-0.04,1,2,built-up,0,
2023-09-29,Himachal Pradesh,Kullu,V006,Manikaran,32.0333,77.35,1737,32.5,147.9,38.5,11.9,48.2,70.4,42.3,1.97,2.63,0.39,1,2,forest,0,
2023-09-30,Himachal Pradesh,Kullu,V006,Manikaran,32.0333,77.35,1737,32.5,147.9,1.2,0.3,44.9,67.1,39.2,1.97,2.55,-0.08,1,2,forest,0,
2023-10-01,Himachal Pradesh,Kullu,V006,Manikaran,32.0333,77.35,1737,32.5,147.9,13.2,6.1,52.9,77.2,41.9,1.97,2.55,0.0,1,2,built-up,0,
2023-10-02,Himachal Pradesh,Kullu,V006,Manikaran,32.0333,77.35,1737,32.5,147.9,3.9,1.8,18.3,76.9,40.0,1.97,2.46,-0.09,1,2,agriculture,0,
2023-10-03,Himachal Pradesh,Kullu,V006,Manikaran,32.0333,77.35,1737,32.5,147.9,3.3,1.3,20.4,69.8,36.1,1.97,2.37,-0.09,1,2,forest,0,
2023-10-04,Himachal Pradesh,Kullu,V006,Manikaran,32.0333,77.35,1737,32.5,147.9,2.8,0.8,10.0,68.1,32.3,1.97,2.21,-0.16,1,2,forest,0,
2023-10-05,Himachal Pradesh,Kullu,V006,Manikaran,32.0333,77.35,1737,32.5,147.9,10.6,3.0,16.7,73.5,34.2,1.97,2.18,-0.03,1,2,barren,0,
2023-10-06,Himachal Pradesh,Kullu,V006,Manikaran,32.0333,77.35,1737,32.5,147.9,8.4,3.5,21.8,43.4,34.2,1.97,2.22,0.04,1,2,forest,0,
2023-10-07,Himachal Pradesh,Kullu,V006,Manikaran,32.0333,77.35,1737,32.5,147.9,13.8,7.0,32.8,56.0,35.9,1.97,2.28,0.06,1,2,built-up,0,
2023-10-08,Himachal Pradesh,Kullu,V006,Manikaran,32.0333,77.35,1737,32.5,147.9,3.0,0.9,25.2,45.8,34.2,1.97,2.24,-0.04,1,2,forest,0,
2023-10-09,Himachal Pradesh,Kullu,V006,Manikaran,32.0333,77.35,1737,32.5,147.9,2.0,0.7,18.8,43.9,31.4,1.97,2.26,0.02,1,2,agriculture,0,
2023-10-10,Himachal Pradesh,Kullu,V006,Manikaran,32.0333,77.35,1737,32.5,147.9,12.4,3.6,17.4,53.0,33.1,1.97,2.31,0.05,1,2,barren,0,
2023-06-01,Himachal Pradesh,Kullu,V007,Banjar,31.6333,77.35,1580,36.1,180.3,25.8,9.3,25.8,25.8,34.0,3.26,2.55,,1,0,built-up,0,
2023-06-02,Himachal Pradesh,Kullu,V007,Banjar,31.6333,77.35,1580,36.1,180.3,9.2,4.3,35.0,35.0,34.6,3.26,2.46,-0.09,1,0,built-up,0,
2023-06-03,Himachal Pradesh,Kullu,V007,Banjar,31.6333,77.35,1580,36.1,180.3,9.5,3.5,44.5,44.5,34.9,3.26,2.44,-0.02,1,0,built-up,0,
2023-06-04,Himachal Pradesh,Kullu,V007,Banjar,31.6333,77.35,1580,36.1,180.3,8.4,2.3,27.1,52.9,33.8,3.26,2.48,0.04,1,0,built-up,0,
2023-06-05,Himachal Pradesh,Kullu,V007,Banjar,31.6333,77.35,1580,36.1,180.3,3.6,1.4,21.5,56.5,29.0,3.26,2.32,-0.16,1,0,agriculture,0,
2023-06-06,Himachal Pradesh,Kullu,V007,Banjar,31.6333,77.35,1580,36.1,180.3,1.8,0.7,13.8,58.3,25.6,3.26,2.27,-0.05,1,0,forest,0,
2023-06-07,Himachal Pradesh,Kullu,V007,Banjar,31.6333,77.35,1580,36.1,180.3,7.4,1.9,12.8,65.7,26.3,3.26,2.26,-0.01,1,0,agriculture,0,
2023-06-08,Himachal Pradesh,Kullu,V007,Banjar,31.6333,77.35,1580,36.1,180.3,28.2,8.7,37.4,68.1,34.9,3.26,2.51,0.25,1,0,agriculture,0,
2023-06-09,Himachal Pradesh,Kullu,V007,Banjar,31.6333,77.35,1580,36.1,180.3,8.4,4.0,44.0,67.3,36.5,3.26,2.47,-0.04,1,0,agriculture,0,
2023-06-10,Himachal Pradesh,Kullu,V007,Banjar,31.6333,77.35,1580,36.1,180.3,4.6,2.0,41.2,62.4,35.8,3.26,2.42,-0.05,1,0,agriculture,0,
2023-06-11,Himachal Pradesh,Kullu,V007,Banjar,31.6333,77.35,1580,36.1,180.3,5.8,2.7,18.8,59.8,34.2,3.26,2.37,-0.05,1,0,forest,0,
2023-06-12,Himachal Pradesh,Kullu,V007,Banjar,31.6333,77.35,1580,36.1,180.3,5.5,3.0,15.9,61.7,30.9,3.26,2.42,0.05,1,0,barren,0,
2023-06-13,Himachal Pradesh,Kullu,V007,Banjar,31.6333,77.35,1580,36.1,180.3,4.5,1.8,15.8,64.4,29.8,3.26,2.47,0.05,1,0,forest,0,
2023-06-14,Himachal Pradesh,Kullu,V007,Banjar,31.6333,77.35,1580,36.1,180.3,2.1,1.1,12.1,59.1,26.4,3.26,2.43,-0.04,1,0,barren,0,
2023-06-15,Himachal Pradesh,Kullu,V007,Banjar,31.6333,77.35,1580,36.1,180.3,7.9,2.6,14.5,38.8,27.8,3.26,2.52,0.09,1,0,agriculture,0,
2023-06-16,Himachal Pradesh,Kullu,V007,Banjar,31.6333,77.35,1580,36.1,180.3,3.7,1.6,13.7,34.1,26.4,3.26,2.39,-0.13,1,0,built-up,0,
2023-06-17,Himachal Pradesh,Kullu,V007,Banjar,31.6333,77.35,1580,36.1,180.3,6.6,3.3,18.2,36.1,24.6,3.26,2.39,0.0,1,0,forest,0,
2023-06-18,Himachal Pradesh,Kullu,V007,Banjar,31.6333,77.35,1580,36.1,180.3,8.6,4.5,18.9,38.9,24.4,3.26,2.32,-0.07,1,0,agriculture,0,
2023-06-19,Himachal Pradesh,Kullu,V007,Banjar,31.6333,77.35,1580,36.1,180.3,12.8,4.8,28.0,46.2,26.6,3.26,2.39,0.07,1,0,built-up,0,
2023-06-20,Himachal Pradesh,Kullu,V007,Banjar,31.6333,77.35,1580,36.1,180.3,5.7,2.2,27.1,47.4,25.1,3.26,2.33,-0.06,1,0,barren,0,
2023-06-21,Himachal Pradesh,Kullu,V007,Banjar,31.6333,77.35,1580,36.1,180.3,3.4,1.8,21.9,48.7,24.8,3.26,2.26,-0.07,1,0,built-up,0,
2023-06-22,Himachal Pradesh,Kullu,V007,Banjar,31.6333,77.35,1580,36.1,180.3,13.6,3.9,22.7,54.4,27.9,3.26,2.25,-0.01,1,0,forest,0,
2023-06-23,Himachal Pradesh,Kullu,V007,Banjar,31.6333,77.35,1580,36.1,180.3,7.1,2.8,24.1,57.8,27.5,3.26,2.23,-0.02,1,0,built-up,0,
2023-06-24,Himachal Pradesh,Kullu,V007,Banjar,31.6333,77.35,1580,36.1,180.3,3.6,1.3,24.3,54.8,24.8,3.26,2.25,0.02,1,0,forest,0,
2023-06-25,Himachal Pradesh,Kullu,V007,Banjar,31.6333,77.35,1580,36.1,180.3,2.0,0.7,12.7,48.2,22.3,3.26,2.12,-0.13,1,0,barren,0,
2023-06-26,Himachal Pradesh,Kullu,V007,Banjar,31.6333,77.35,1580,36.1,180.3,7.0,3.5,12.6,42.4,23.1,3.26,2.1,-0.02,1,0,built-up,0,
2023-06-27,Himachal Pradesh,Kullu,V007,Banjar,31.6333,77.35,1580,36.1,180.3,6.8,2.0,15.8,43.5,24.4,3.26,2.06,-0.04,1,0,agriculture,0,
2023-06-28,Himachal Pradesh,Kullu,V007,Banjar,31.6333,77.35,1580,36.1,180.3,30.3,12.0,44.1,70.4,33.9,3.26,2.34,0.28,1,0,agriculture,0,
2023-06-29,Himachal Pradesh,Kullu,V007,Banjar,31.6333,77.35,1580,36.1,180.3,11.3,3.6,48.4,68.1,36.6,3.26,2.35,0.01,1,0,forest,0,
2023-06-30,Himachal Pradesh,Kullu,V007,Banjar,31.6333,77.35,1580,36.1,180.3,6.3,1.7,47.9,67.3,35.2,3.26,2.31,-0.04,1,0,forest,0,
2023-07-01,Himachal Pradesh,Kullu,V007,Banjar,31.6333,77.35,1580,36.1,180.3,20.4,9.3,38.0,84.1,40.5,3.26,2.45,0.14,1,0,agriculture,0,
2023-07-02,Himachal Pradesh,Kullu,V007,Banjar,31.6333,77.35,1580,36.1,180.3,18.6,8.7,45.3,100.7,43.2,3.26,2.52,0.07,1,0,built-up,0,
2023-07-03,Himachal Pradesh,Kullu,V007,Banjar,31.6333,77.35,1580,36.1,180.3,9.4,4.9,48.4,103.1,43.7,3.26,2.5,-0.02,1,0,agriculture,0,
2023-07-04,Himachal Pradesh,Kullu,V007,Banjar,31.6333,77.35,1580,36.1,180.3,11.3,4.9,39.3,107.6,44.3,3.26,2.49,-0.01,1,0,barren,0,
2023-07-05,Himachal Pradesh,Kullu,V007,Banjar,31.6333,77.35,1580,36.1,180.3,12.9,5.2,33.6,90.2,43.3,3.26,2.51,0.02,1,0,forest,0,
2023-07-06,Himachal Pradesh,Kullu,V007,Banjar,31.6333,77.35,1580,36.1,180.3,4.7,1.2,28.9,83.6,41.7,3.26,2.49,-0.02,1,0,forest,0,
2023-07-07,Himachal Pradesh,Kullu,V007,Banjar,31.6333,77.35,1580,36.1,180.3,5.5,2.0,23.1,82.8,39.1,3.26,2.46,-0.03,1,0,forest,0,
2023-07-08,Himachal Pradesh,Kullu,V007,Banjar,31.6333,77.35,1580,36.1,180.3,41.9,10.6,52.1,104.3,52.2,3.26,2.82,0.36,1,0,barren,0,
2023-07-09,Himachal Pradesh,Kullu,V007,Banjar,31.6333,77.35,1580,36.1,180.3,6.7,3.6,54.1,92.4,48.3,3.26,2.74,-0.08,1,0,agriculture,0,
2023-07-10,Himachal Pradesh,Kullu,V007,Banjar,31.6333,77.35,1580,36.1,180.3,15.7,4.1,64.3,98.7,50.3,3.26,2.76,0.02,1,0,agriculture,0,
2023-07-11,Himachal Pradesh,Kullu,V007,Banjar,31.6333,77.35,1580,36.1,180.3,6.1,2.0,28.5,93.5,46.2,3.26,2.68,-0.08,1,0,barren,0,
2023-07-12,Himachal Pradesh,Kullu,V007,Banjar,31.6333,77.35,1580,36.1,180.3,8.7,3.7,30.5,89.3,46.2,3.26,2.62,-0.06,1,0,agriculture,0,
2023-07-13,Himachal Pradesh,Kullu,V007,Banjar,31.6333,77.35,1580,36.1,180.3,22.3,10.7,37.1,106.9,50.6,3.26,2.77,0.15,1,0,forest,0,
2023-07-14,Himachal Pradesh,Kullu,V007,Banjar,31.6333,77.35,1580,36.1,180.3,8.8,4.1,39.8,110.2,48.8,3.26,2.69,-0.08,1,0,agriculture,0,
2023-07-15,Himachal Pradesh,Kullu,V007,Banjar,31.6333,77.35,1580,36.1,180.3,32.2,14.7,63.3,100.5,56.9,3.26,3.04,0.35,1,0,agriculture,0,
2023-07-16,Himachal Pradesh,Kullu,V007,Banjar,31.6333,77.35,1580,36.1,180.3,19.3,7.9,60.3,113.1,57.6,3.26,3.17,0.13,1,0,barren,0,
2023-07-17,Himachal Pradesh,Kullu,V007,Banjar,31.6333,77.35,1580,36.1,180.3,6.7,3.3,58.2,104.1,54.6,3.26,3.14,-0.03,1,0,forest,0,
2023-07-18,Himachal Pradesh,Kullu,V007,Banjar,31.6333,77.35,1580,36.1,180.3,13.2,6.8,39.2,111.2,55.3,3.26,3.17,0.03,1,0,forest,0,
2023-07-19,Himachal Pradesh,Kullu,V007,Banjar,31.6333,77.35,1580,36.1,180.3,9.6,3.6,29.5,112.1,54.4,3.26,3.08,-0.09,1,0,forest,0,
2023-07-20,Himachal Pradesh,Kullu,V007,Banjar,31.6333,77.35,1580,36.1,180.3,4.7,1.8,27.5,94.5,52.1,3.26,2.95,-0.13,1,0,built-up,0,
2023-07-21,Himachal Pradesh,Kullu,V007,Banjar,31.6333,77.35,1580,36.1,180.3,6.9,2.0,21.2,92.6,50.8,3.26,2.94,-0.01,1,0,forest,0,
2023-07-22,Himachal Pradesh,Kullu,V007,Banjar,31.6333,77.35,1580,36.1,180.3,8.4,4.3,20.0,68.8,47.8,3.26,2.93,-0.01,1,0,agriculture,0,
2023-07-23,Himachal Pradesh,Kullu,V007,Banjar,31.6333,77.35,1580,36.1,180.3,49.3,16.9,64.6,98.8,60.0,3.26,3.3,0.37,1,0,agriculture,0,
2023-07-24,Himachal Pradesh,Kullu,V007,Banjar,31.6333,77.35,1580,36.1,180.3,4.1,1.3,61.8,96.2,56.7,3.26,3.21,-0.09,1,0,agriculture,0,
2023-07-25,Himachal Pradesh,Kullu,V007,Banjar,31.6333,77.35,1580,36.1,180.3,23.8,8.0,77.2,106.8,60.0,3.26,3.42,0.21,1,0,forest,0,
2023-07-26,Himachal Pradesh,Kullu,V007,Banjar,31.6333,77.35,1580,36.1,180.3,18.6,9.2,46.5,115.8,60.0,3.26,3.51,0.09,1,0,agriculture,0,
2023-07-27,Himachal Pradesh,Kullu,V007,Banjar,31.6333,77.35,1580,36.1,180.3,22.9,8.6,65.3,134.0,60.0,3.26,3.6,0.09,1,0,forest,0,
2023-07-28,Himachal Pradesh,Kullu,V007,Banjar,31.6333,77.35,1580,36.1,180.3,6.3,1.7,47.8,133.4,56.3,3.26,3.56,-0.04,1,0,agriculture,0,
2023-07-29,Himachal Pradesh,Kullu,V007,Banjar,31.6333,77.35,1580,36.1,180.3,10.8,5.3,40.0,135.8,54.3,3.26,3.43,-0.13,1,0,barren,0,
2023-07-30,Himachal Pradesh,Kullu,V007,Banjar,31.6333,77.35,1580,36.1,180.3,11.2,4.7,28.3,97.7,54.4,3.26,3.41,-0.02,1,0,agriculture,0,
2023-07-31,Himachal Pradesh,Kullu,V007,Banjar,31.6333,77.35,1580,36.1,180.3,2.7,0.7,24.7,96.3,49.4,3.26,3.28,-0.13,1,0,barren,0,
2023-08-01,Himachal Pradesh,Kullu,V007,Banjar,31.6333,77.35,1580,36.1,180.3,29.8,8.9,43.7,102.3,55.8,3.26,3.44,0.16,1,0,built-up,0,
2023-08-02,Himachal Pradesh,Kullu,V007,Banjar,31.6333,77.35,1580,36.1,180.3,18.4,9.4,50.9,102.1,57.3,3.26,3.43,-0.01,1,0,agriculture,0,
2023-08-03,Himachal Pradesh,Kullu,V007,Banjar,31.6333,77.35,1580,36.1,180.3,18.3,7.0,66.5,97.5,58.6,3.26,3.37,-0.06,1,0,agriculture,0,
2023-08-04,Himachal Pradesh,Kullu,V007,Banjar,31.6333,77.35,1580,36.1,180.3,28.9,14.2,65.6,120.1,60.0,3.26,3.55,0.18,1,0,built-up,0,
2023-08-05,Himachal Pradesh,Kullu,V007,Banjar,31.6333,77.35,1580,36.1,180.3,29.3,10.1,76.5,138.6,60.0,3.26,3.71,0.16,1,0,barren,0,
2023-08-06,Himachal Pradesh,Kullu,V007,Banjar,31.6333,77.35,1580,36.1,180.3,7.8,2.2,66.0,135.2,56.8,3.26,3.61,-0.1,1,0,agriculture,0,
2023-08-07,Himachal Pradesh,Kullu,V007,Banjar,31.6333,77.35,1580,36.1,180.3,3.1,1.2,40.2,135.6,51.1,3.26,3.41,-0.2,1,0,built-up,0,
2023-08-08,Himachal Pradesh,Kullu,V007,Banjar,31.6333,77.35,1580,36.1,180.3,12.2,6.5,23.1,118.0,52.4,3.26,3.41,0.0,1,0,agriculture,0,
2023-08-09,Himachal Pradesh,Kullu,V007,Banjar,31.6333,77.35,1580,36.1,180.3,22.5,12.2,37.8,122.1,56.7,3.26,3.48,0.07,1,0,forest,0,
2023-08-10,Himachal Pradesh,Kullu,V007,Banjar,31.6333,77.35,1580,36.1,180.3,21.4,5.9,56.1,125.2,58.5,3.26,3.61,0.13,1,0,barren,0,
2023-08-11,Himachal Pradesh,Kullu,V007,Banjar,31.6333,77.35,1580,36.1,180.3,13.6,5.9,57.5,109.9,56.8,3.26,3.48,-0.13,1,0,agriculture,0,
2023-08-12,Himachal Pradesh,Kullu,V007,Banjar,31.6333,77.35,1580,36.1,180.3,28.1,12.4,63.1,108.7,60.0,3.26,3.55,0.07,1,0,forest,0,
2023-08-13,Himachal Pradesh,Kullu,V007,Banjar,31.6333,77.35,1580,36.1,180.3,16.8,9.0,58.5,117.7,59.9,3.26,3.57,0.02,1,0,agriculture,0,
2023-08-14,Himachal Pradesh,Kullu,V007,Banjar,31.6333,77.35,1580,36.1,180.3,25.1,7.7,70.0,139.7,60.0,3.26,3.66,0.09,1,0,built-up,0,
2023-08-15,Himachal Pradesh,Kullu,V007,Banjar,31.6333,77.35,1580,36.1,180.3,24.6,9.6,66.5,152.1,60.0,3.26,3.71,0.05,1,0,forest,0,
2023-08-16,Himachal Pradesh,Kullu,V007,Banjar,31.6333,77.35,1580,36.1,180.3,23.1,9.2,72.8,152.7,60.0,3.26,3.78,0.07,1,0,forest,0,
2023-08-17,Himachal Pradesh,Kullu,V007,Banjar,31.6333,77.35,1580,36.1,180.3,14.5,4.6,62.2,145.8,59.4,3.26,3.79,0.01,1,0,agriculture,0,
2023-08-18,Himachal Pradesh,Kullu,V007,Banjar,31.6333,77.35,1580,36.1,180.3,17.4,5.4,55.0,149.6,59.8,3.26,3.76,-0.03,1,0,forest,0,
2023-08-19,Himachal Pradesh,Kullu,V007,Banjar,31.6333,77.35,1580,36.1,180.3,22.8,12.1,54.7,144.3,60.0,3.26,3.94,0.18,1,0,forest,0,
2023-08-20,Himachal Pradesh,Kullu,V007,Banjar,31.6333,77.35,1580,36.1,180.3,28.9,13.3,69.1,156.4,60.0,3.26,4.15,0.21,1,0,forest,0,
2023-08-21,Himachal Pradesh,Kullu,V007,Banjar,31.6333,77.35,1580,36.1,180.3,5.2,1.8,56.9,136.5,55.9,3.26,4.0,-0.15,1,0,forest,0,
2023-08-22,Himachal Pradesh,Kullu,V007,Banjar,31.6333,77.35,1580,36.1,180.3,37.4,16.9,71.5,149.3,60.0,3.26,4.22,0.22,1,0,built-up,0,
2023-08-23,Himachal Pradesh,Kullu,V007,Banjar,31.6333,77.35,1580,36.1,180.3,9.8,4.7,52.4,136.0,57.4,3.26,4.0,-0.22,1,0,forest,0,
2023-08-24,Himachal Pradesh,Kullu,V007,Banjar,31.6333,77.35,1580,36.1,180.3,4.0,1.6,51.2,125.5,54.5,3.26,3.9,-0.1,1,0,barren,0,
2023-08-25,Himachal Pradesh,Kullu,V007,Banjar,31.6333,77.35,1580,36.1,180.3,22.6,6.5,36.4,130.7,57.6,3.26,4.02,0.12,1,0,agriculture,0,
2023-08-26,Himachal Pradesh,Kullu,V007,Banjar,31.6333,77.35,1580,36.1,180.3,3.4,1.3,30.0,111.3,53.1,3.26,3.75,-0.27,1,0,built-up,0,
2023-08-27,Himachal Pradesh,Kullu,V007,Banjar,31.6333,77.35,1580,36.1,180.3,37.6,9.8,63.6,120.0,60.0,3.26,3.95,0.2,1,0,barren,0,
2023-08-28,Himachal Pradesh,Kullu,V007,Banjar,31.6333,77.35,1580,36.1,180.3,16.6,6.5,57.6,131.4,60.0,3.26,3.94,-0.01,1,0,barren,0,
2023-08-29,Himachal Pradesh,Kullu,V007,Banjar,31.6333,77.35,1580,36.1,180.3,11.9,6.2,66.1,105.9,60.0,3.26,3.81,-0.13,1,0,forest,0,
2023-08-30,Himachal Pradesh,Kullu,V007,Banjar,31.6333,77.35,1580,36.1,180.3,18.4,6.7,46.9,114.5,60.0,3.26,3.8,-0.01,1,0,forest,0,
2023-08-31,Himachal Pradesh,Kullu,V007,Banjar,31.6333,77.35,1580,36.1,180.3,7.6,2.3,37.9,118.1,58.2,3.26,3.71,-0.09,1,0,forest,0,
2023-09-01,Himachal Pradesh,Kullu,V007,Banjar,31.6333,77.35,1580,36.1,180.3,5.6,2.8,31.6,101.1,53.9,3.26,3.58,-0.13,1,0,forest,0,
2023-09-02,Himachal Pradesh,Kullu,V007,Banjar,31.6333,77.35,1580,36.1,180.3,2.6,1.1,15.8,100.3,49.2,3.26,3.36,-0.22,1,0,built-up,0,
2023-09-03,Himachal Pradesh,Kullu,V007,Banjar,31.6333,77.35,1580,36.1,180.3,24.9,10.2,33.1,87.6,55.4,3.26,3.53,0.17,1,0,forest,0,
2023-09-04,Himachal Pradesh,Kullu,V007,Banjar,31.6333,77.35,1580,36.1,180.3,2.8,1.3,30.3,73.8,51.4,3.26,3.44,-0.09,1,0,agriculture,0,
2023-09-05,Himachal Pradesh,Kullu,V007,Banjar,31.6333,77.35,1580,36.1,180.3,6.5,2.6,34.2,68.4,49.0,3.26,3.33,-0.11,1,0,forest,0,
2023-09-06,Himachal Pradesh,Kullu,V007,Banjar,31.6333,77.35,1580,36.1,180.3,6.8,2.0,16.1,56.8,47.6,3.26,3.22,-0.11,1,0,agriculture,0,
2023-09-07,Himachal Pradesh,Kullu,V007,Banjar,31.6333,77.35,1580,36.1,180.3,7.2,2.6,20.5,56.4,47.6,3.26,3.09,-0.13,1,0,forest,0,
2023-09-08,Himachal Pradesh,Kullu,V007,Banjar,31.6333,77.35,1580,36.1,180.3,1.8,0.8,15.8,52.6,43.6,3.26,2.92,-0.17,1,0,built-up,0,
2023-09-09,Himachal Pradesh,Kullu,V007,Banjar,31.6333,77.35,1580,36.1,180.3,15.1,6.7,24.1,65.1,43.8,3.26,3.0,0.08,1,0,forest,0,
2023-09-10,Himachal Pradesh,Kullu,V007,Banjar,31.6333,77.35,1580,36.1,180.3,3.5,1.7,20.4,43.7,41.2,3.26,2.82,-0.18,1,0,forest,0,
2023-09-11,Himachal Pradesh,Kullu,V007,Banjar,31.6333,77.35,1580,36.1,180.3,10.9,5.6,29.5,51.8,43.0,3.26,2.78,-0.04,1,0,barren,0,
2023-09-12,Himachal Pradesh,Kullu,V007,Banjar,31.6333,77.35,1580,36.1,180.3,2.0,1.0,16.4,47.3,39.2,3.26,2.68,-0.1,1,0,agriculture,0,
2023-09-13,Himachal Pradesh,Kullu,V007,Banjar,31.6333,77.35,1580,36.1,180.3,4.7,1.9,17.6,45.2,36.9,3.26,2.65,-0.03,1,0,agriculture,0,
2023-09-14,Himachal Pradesh,Kullu,V007,Banjar,31.6333,77.35,1580,36.1,180.3,5.8,2.0,12.5,43.8,35.2,3.26,2.68,0.03,1,0,forest,0,
2023-09-15,Himachal Pradesh,Kullu,V007,Banjar,31.6333,77.35,1580,36.1,180.3,4.6,2.3,15.1,46.6,35.0,3.26,2.66,-0.02,1,0,forest,0,
2023-09-16,Himachal Pradesh,Kullu,V007,Banjar,31.6333,77.35,1580,36.1,180.3,3.5,1.7,13.9,35.0,33.8,3.26,2.56,-0.1,1,0,agriculture,0,
2023-09-17,Himachal Pradesh,Kullu,V007,Banjar,31.6333,77.35,1580,36.1,180.3,1.6,0.9,9.7,33.1,30.8,3.26,2.47,-0.09,1,0,built-up,0,
2023-09-18,Himachal Pradesh,Kullu,V007,Banjar,31.6333,77.35,1580,36.1,180.3,0.1,0.1,5.2,22.3,29.1,3.26,2.44,-0.03,1,0,agriculture,0,
2023-09-19,Himachal Pradesh,Kullu,V007,Banjar,31.6333,77.35,1580,36.1,180.3,2.1,1.1,3.8,22.4,25.4,3.26,2.33,-0.11,1,0,forest,0,
2023-09-20,Himachal Pradesh,Kullu,V007,Banjar,31.6333,77.35,1580,36.1,180.3,13.4,3.7,15.6,31.1,28.1,3.26,2.39,0.06,1,0,built-up,0,
2023-09-21,Himachal Pradesh,Kullu,V007,Banjar,31.6333,77.35,1580,36.1,180.3,6.6,2.1,22.1,31.9,29.3,3.26,2.32,-0.07,1,0,built-up,0,
2023-09-22,Himachal Pradesh,Kullu,V007,Banjar,31.6333,77.35,1580,36.1,180.3,1.1,0.5,21.1,28.4,28.2,3.26,2.28,-0.04,1,0,forest,0,
2023-09-23,Himachal Pradesh,Kullu,V007,Banjar,31.6333,77.35,1580,36.1,180.3,2.5,1.3,10.2,27.4,26.5,3.26,2.15,-0.13,1,0,agriculture,0,
2023-09-24,Himachal Pradesh,Kullu,V007,Banjar,31.6333,77.35,1580,36.1,180.3,5.1,1.5,8.7,30.9,25.3,3.26,2.03,-0.12,1,0,forest,0,
2023-09-25,Himachal Pradesh,Kullu,V007,Banjar,31.6333,77.35,1580,36.1,180.3,5.6,2.3,13.2,36.4,26.4,3.26,2.01,-0.02,1,0,agriculture,0,
2023-09-26,Himachal Pradesh,Kullu,V007,Banjar,31.6333,77.35,1580,36.1,180.3,2.6,1.4,13.3,36.9,24.4,3.26,1.91,-0.1,1,0,built-up,0,
2023-09-27,Himachal Pradesh,Kullu,V007,Banjar,31.6333,77.35,1580,36.1,180.3,5.9,2.4,14.1,29.4,24.3,3.26,1.86,-0.05,1,0,agriculture,0,
2023-09-28,Himachal Pradesh,Kullu,V007,Banjar,31.6333,77.35,1580,36.1,180.3,3.4,1.0,11.9,26.2,25.1,3.26,1.72,-0.14,1,0,forest,0,
2023-09-29,Himachal Pradesh,Kullu,V007,Banjar,31.6333,77.35,1580,36.1,180.3,8.1,2.4,17.4,33.2,26.2,3.26,1.75,0.03,1,0,barren,0,
2023-09-30,Himachal Pradesh,Kullu,V007,Banjar,31.6333,77.35,1580,36.1,180.3,9.3,2.5,20.8,40.0,27.1,3.26,1.69,-0.06,1,0,forest,0,
2023-10-01,Himachal Pradesh,Kullu,V007,Banjar,31.6333,77.35,1580,36.1,180.3,113.3,31.0,130.7,148.2,60.0,3.26,2.91,1.22,1,0,agriculture,0,
2023-10-02,Himachal Pradesh,Kullu,V007,Banjar,31.6333,77.35,1580,36.1,180.3,1.8,0.5,124.4,144.4,53.6,3.26,2.83,-0.08,1,0,forest,0,
2023-10-03,Himachal Pradesh,Kullu,V007,Banjar,31.6333,77.35,1580,36.1,180.3,5.7,2.5,120.8,147.5,49.9,3.26,2.77,-0.06,1,0,forest,0,
2023-10-04,Himachal Pradesh,Kullu,V007,Banjar,31.6333,77.35,1580,36.1,180.3,2.1,0.7,9.6,143.7,46.3,3.26,2.63,-0.14,1,0,forest,0,
2023-10-05,Himachal Pradesh,Kullu,V007,Banjar,31.6333,77.35,1580,36.1,180.3,7.8,4.2,15.6,148.1,44.7,3.26,2.53,-0.1,1,0,forest,0,
2023-10-06,Himachal Pradesh,Kullu,V007,Banjar,31.6333,77.35,1580,36.1,180.3,3.0,1.6,12.9,143.0,41.8,3.26,2.42,-0.11,1,0,built-up,0,
2023-10-07,Himachal Pradesh,Kullu,V007,Banjar,31.6333,77.35,1580,36.1,180.3,12.1,4.9,22.9,145.8,41.5,3.26,2.37,-0.05,1,0,forest,0,
2023-10-08,Himachal Pradesh,Kullu,V007,Banjar,31.6333,77.35,1580,36.1,180.3,3.6,1.5,18.7,36.1,40.7,3.26,2.39,0.02,1,0,forest,0,
2023-10-09,Himachal Pradesh,Kullu,V007,Banjar,31.6333,77.35,1580,36.1,180.3,5.9,2.8,21.6,40.2,39.3,3.26,2.28,-0.11,1,0,forest,0,
2023-10-10,Himachal Pradesh,Kullu,V007,Banjar,31.6333,77.35,1580,36.1,180.3,0.6,0.2,10.1,35.1,35.9,3.26,2.19,-0.09,1,0,barren,0,
2023-06-01,Himachal Pradesh,Mandi,V008,Karsog,31.3833,77.2,1417,24.9,249.8,24.4,9.7,24.4,24.4,31.0,3.59,3.96,,2,1,built-up,0,
2023-06-02,Himachal Pradesh,Mandi,V008,Karsog,31.3833,77.2,1417,24.9,249.8,8.3,3.4,32.7,32.7,31.0,3.59,3.86,-0.1,2,1,forest,0,
2023-06-03,Himachal Pradesh,Mandi,V008,Karsog,31.3833,77.2,1417,24.9,249.8,14.9,4.6,47.6,47.6,34.2,3.59,3.88,0.02,2,1,agriculture,0,
2023-06-04,Himachal Pradesh,Mandi,V008,Karsog,31.3833,77.2,1417,24.9,249.8,7.9,3.2,31.1,55.5,33.0,3.59,3.86,-0.02,2,1,forest,0,
2023-06-05,Himachal Pradesh,Mandi,V008,Karsog,31.3833,77.2,1417,24.9,249.8,1.2,0.6,24.0,56.7,32.0,3.59,3.71,-0.15,2,1,forest,0,
2023-06-06,Himachal Pradesh,Mandi,V008,Karsog,31.3833,77.2,1417,24.9,249.8,4.0,2.0,13.1,60.7,28.8,3.59,3.48,-0.23,2,1,forest,0,
2023-06-07,Himachal Pradesh,Mandi,V008,Karsog,31.3833,77.2,1417,24.9,249.8,8.3,3.8,13.5,69.0,29.9,3.59,3.5,0.02,2,1,agriculture,0,
2023-06-08,Himachal Pradesh,Mandi,V008,Karsog,31.3833,77.2,1417,24.9,249.8,2.1,0.6,14.4,46.7,27.2,3.59,3.27,-0.23,2,1,agriculture,0,
2023-06-09,Himachal Pradesh,Mandi,V008,Karsog,31.3833,77.2,1417,24.9,249.8,21.7,8.6,32.1,60.1,31.2,3.59,3.39,0.12,2,1,forest,0,
2023-06-10,Himachal Pradesh,Mandi,V008,Karsog,31.3833,77.2,1417,24.9,249.8,8.0,2.9,31.8,53.2,30.9,3.59,3.27,-0.12,2,1,forest,0,
2023-06-11,Himachal Pradesh,Mandi,V008,Karsog,31.3833,77.2,1417,24.9,249.8,0.3,0.1,30.0,45.6,26.7,3.59,3.16,-0.11,2,1,agriculture,0,
2023-06-12,Himachal Pradesh,Mandi,V008,Karsog,31.3833,77.2,1417,24.9,249.8,4.1,1.3,12.4,48.5,25.1,3.59,3.02,-0.14,2,1,forest,0,
2023-06-13,Himachal Pradesh,Mandi,V008,Karsog,31.3833,77.2,1417,24.9,249.8,2.9,0.9,7.3,47.4,22.4,3.59,2.96,-0.06,2,1,built-up,0,
2023-06-14,Himachal Pradesh,Mandi,V008,Karsog,31.3833,77.2,1417,24.9,249.8,1.3,0.5,8.3,40.4,21.0,3.59,2.75,-0.21,2,1,agriculture,0,
2023-06-15,Himachal Pradesh,Mandi,V008,Karsog,31.3833,77.2,1417,24.9,249.8,4.6,2.0,8.8,42.9,19.4,3.59,2.64,-0.11,2,1,forest,0,
2023-06-16,Himachal Pradesh,Mandi,V008,Karsog,31.3833,77.2,1417,24.9,249.8,5.0,1.8,10.9,26.2,19.9,3.59,2.62,-0.02,2,1,agriculture,0,
2023-06-17,Himachal Pradesh,Mandi,V008,Karsog,31.3833,77.2,1417,24.9,249.8,13.5,5.4,23.1,31.7,22.8,3.59,2.65,0.03,2,1,agriculture,0,
2023-06-18,Himachal Pradesh,Mandi,V008,Karsog,31.3833,77.2,1417,24.9,249.8,0.3,0.1,18.8,31.7,19.7,3.59,2.5,-0.15,2,1,agriculture,0,
2023-06-19,Himachal Pradesh,Mandi,V008,Karsog,31.3833,77.2,1417,24.9,249.8,6.2,2.7,20.0,33.8,20.1,3.59,2.45,-0.05,2,1,forest,0,
2023-06-20,Himachal Pradesh,Mandi,V008,Karsog,31.3833,77.2,1417,24.9,249.8,11.7,3.2,18.2,42.6,20.9,3.59,2.45,0.0,2,1,agriculture,0,
2023-06-21,Himachal Pradesh,Mandi,V008,Karsog,31.3833,77.2,1417,24.9,249.8,9.5,2.7,27.4,50.8,22.8,3.59,2.39,-0.06,2,1,barren,0,
2023-06-22,Himachal Pradesh,Mandi,V008,Karsog,31.3833,77.2,1417,24.9,249.8,1.1,0.5,22.3,47.3,20.1,3.59,2.29,-0.1,2,1,built-up,0,
2023-06-23,Himachal Pradesh,Mandi,V008,Karsog,31.3833,77.2,1417,24.9,249.8,3.0,1.5,13.6,45.3,19.1,3.59,2.19,-0.1,2,1,agriculture,0,
2023-06-24,Himachal Pradesh,Mandi,V008,Karsog,31.3833,77.2,1417,24.9,249.8,19.6,8.3,23.7,51.4,25.5,3.59,2.42,0.23,2,1,forest,0,
2023-06-25,Himachal Pradesh,Mandi,V008,Karsog,31.3833,77.2,1417,24.9,249.8,11.0,3.5,33.6,62.1,28.6,3.59,2.43,0.01,2,1,built-up,0,
2023-06-26,Himachal Pradesh,Mandi,V008,Karsog,31.3833,77.2,1417,24.9,249.8,4.0,1.2,34.6,59.9,28.5,3.59,2.36,-0.07,2,1,barren,0,
2023-06-27,Himachal Pradesh,Mandi,V008,Karsog,31.3833,77.2,1417,24.9,249.8,3.8,1.9,18.8,52.0,27.9,3.59,2.27,-0.09,2,1,built-up,0,
2023-06-28,Himachal Pradesh,Mandi,V008,Karsog,31.3833,77.2,1417,24.9,249.8,6.1,2.7,13.9,48.6,28.1,3.59,2.16,-0.11,2,1,agriculture,0,
2023-06-29,Himachal Pradesh,Mandi,V008,Karsog,31.3833,77.2,1417,24.9,249.8,5.6,2.6,15.5,53.1,26.8,3.59,2.13,-0.03,2,1,built-up,0,
2023-06-30,Himachal Pradesh,Mandi,V008,Karsog,31.3833,77.2,1417,24.9,249.8,13.1,6.5,24.8,63.2,29.3,3.59,2.18,0.05,2,1,agriculture,0,
2023-07-01,Himachal Pradesh,Mandi,V008,Karsog,31.3833,77.2,1417,24.9,249.8,9.8,2.5,28.5,53.4,30.6,3.59,2.13,-0.05,2,1,built-up,0,
2023-07-02,Himachal Pradesh,Mandi,V008,Karsog,31.3833,77.2,1417,24.9,249.8,16.0,4.0,38.9,58.4,34.4,3.59,2.22,0.09,2,1,agriculture,0,
2023-07-03,Himachal Pradesh,Mandi,V008,Karsog,31.3833,77.2,1417,24.9,249.8,5.2,2.1,31.0,59.6,33.6,3.59,2.21,-0.01,2,1,built-up,0,
2023-07-04,Himachal Pradesh,Mandi,V008,Karsog,31.3833,77.2,1417,24.9,249.8,5.5,1.9,26.7,61.3,32.9,3.59,2.11,-0.1,2,1,agriculture,0,
2023-07-05,Himachal Pradesh,Mandi,V008,Karsog,31.3833,77.2,1417,24.9,249.8,20.0,6.9,30.7,75.2,36.2,3.59,2.22,0.11,2,1,agriculture,0,
2023-07-06,Himachal Pradesh,Mandi,V008,Karsog,31.3833,77.2,1417,24.9,249.8,28.9,14.7,54.4,98.5,43.3,3.59,2.39,0.17,2,1,agriculture,0,
2023-07-07,Himachal Pradesh,Mandi,V008,Karsog,31.3833,77.2,1417,24.9,249.8,15.8,8.2,64.7,101.2,46.2,3.59,2.46,0.07,2,1,built-up,0,
2023-07-08,Himachal Pradesh,Mandi,V008,Karsog,31.3833,77.2,1417,24.9,249.8,59.2,26.6,103.9,150.6,60.0,3.59,3.04,0.58,2,1,agriculture,0,
2023-07-09,Himachal Pradesh,Mandi,V008,Karsog,31.3833,77.2,1417,24.9,249.8,10.5,4.1,85.5,145.1,57.5,3.59,2.92,-0.12,2,1,forest,0,
2023-07-10,Himachal Pradesh,Mandi,V008,Karsog,31.3833,77.2,1417,24.9,249.8,19.2,6.6,88.9,159.1,58.6,3.59,2.97,0.05,2,1,forest,0,
2023-07-11,Himachal Pradesh,Mandi,V008,Karsog,31.3833,77.2,1417,24.9,249.8,15.0,7.1,44.7,168.6,59.5,3.59,3.05,0.08,2,1,agriculture,0,
2023-07-12,Himachal Pradesh,Mandi,V008,Karsog,31.3833,77.2,1417,24.9,249.8,51.5,24.9,85.7,200.1,60.0,3.59,3.4,0.35,2,1,forest,0,
2023-07-13,Himachal Pradesh,Mandi,V008,Karsog,31.3833,77.2,1417,24.9,249.8,13.4,6.8,79.9,184.6,60.0,3.59,3.36,-0.04,2,1,agriculture,0,
2023-07-14,Himachal Pradesh,Mandi,V008,Karsog,31.3833,77.2,1417,24.9,249.8,14.1,6.7,79.0,182.9,60.0,3.59,3.47,0.11,2,1,agriculture,0,
2023-07-15,Himachal Pradesh,Mandi,V008,Karsog,31.3833,77.2,1417,24.9,249.8,20.6,9.8,48.1,144.3,60.0,3.59,3.49,0.02,2,1,built-up,0,
2023-07-16,Himachal Pradesh,Mandi,V008,Karsog,31.3833,77.2,1417,24.9,249.8,20.2,7.6,54.9,154.0,60.0,3.59,3.51,0.02,2,1,forest,0,
2023-07-17,Himachal Pradesh,Mandi,V008,Karsog,31.3833,77.2,1417,24.9,249.8,22.5,5.8,63.3,157.3,60.0,3.59,3.68,0.17,2,1,agriculture,0,
2023-07-18,Himachal Pradesh,Mandi,V008,Karsog,31.3833,77.2,1417,24.9,249.8,16.9,6.1,59.6,159.2,60.0,3.59,3.62,-0.06,2,1,forest,0,
2023-07-19,Himachal Pradesh,Mandi,V008,Karsog,31.3833,77.2,1417,24.9,249.8,12.0,6.3,51.4,119.7,59.6,3.59,3.58,-0.04,2,1,barren,0,
2023-07-20,Himachal Pradesh,Mandi,V008,Karsog,31.3833,77.2,1417,24.9,249.8,6.2,1.8,35.1,112.5,56.3,3.59,3.44,-0.14,2,1,barren,0,
2023-07-21,Himachal Pradesh,Mandi,V008,Karsog,31.3833,77.2,1417,24.9,249.8,20.9,6.2,39.1,119.3,57.9,3.59,3.47,0.03,2,1,agriculture,0,
2023-07-22,Himachal Pradesh,Mandi,V008,Karsog,31.3833,77.2,1417,24.9,249.8,27.6,13.0,54.7,126.3,60.0,3.59,3.56,0.09,2,1,forest,0,
2023-07-23,Himachal Pradesh,Mandi,V008,Karsog,31.3833,77.2,1417,24.9,249.8,6.9,3.3,55.4,113.0,57.1,3.59,3.5,-0.06,2,1,built-up,0,
2023-07-24,Himachal Pradesh,Mandi,V008,Karsog,31.3833,77.2,1417,24.9,249.8,10.1,2.8,44.6,100.6,57.0,3.59,3.4,-0.1,2,1,agriculture,0,
2023-07-25,Himachal Pradesh,Mandi,V008,Karsog,31.3833,77.2,1417,24.9,249.8,3.3,1.5,20.3,87.0,53.4,3.59,3.37,-0.03,2,1,forest,0,
2023-07-26,Himachal Pradesh,Mandi,V008,Karsog,31.3833,77.2,1417,24.9,249.8,13.7,3.5,27.1,88.7,54.7,3.59,3.33,-0.04,2,1,built-up,0,
2023-07-27,Himachal Pradesh,Mandi,V008,Karsog,31.3833,77.2,1417,24.9,249.8,0.3,0.1,17.3,82.8,50.5,3.59,3.17,-0.16,2,1,forest,0,
2023-07-28,Himachal Pradesh,Mandi,V008,Karsog,31.3833,77.2,1417,24.9,249.8,21.7,9.2,35.7,83.6,52.6,3.59,3.28,0.11,2,1,agriculture,0,
2023-07-29,Himachal Pradesh,Mandi,V008,Karsog,31.3833,77.2,1417,24.9,249.8,31.6,9.5,53.6,87.6,60.0,3.59,3.46,0.18,2,1,forest,0,
2023-07-30,Himachal Pradesh,Mandi,V008,Karsog,31.3833,77.2,1417,24.9,249.8,6.2,2.1,59.5,86.9,57.2,3.59,3.38,-0.08,2,1,forest,0,
2023-07-31,Himachal Pradesh,Mandi,V008,Karsog,31.3833,77.2,1417,24.9,249.8,3.1,1.7,40.9,79.9,52.4,3.59,3.26,-0.12,2,1,forest,0,
2023-08-01,Himachal Pradesh,Mandi,V008,Karsog,31.3833,77.2,1417,24.9,249.8,24.5,11.5,33.8,101.1,58.1,3.59,3.38,0.12,2,1,barren,0,
2023-08-02,Himachal Pradesh,Mandi,V008,Karsog,31.3833,77.2,1417,24.9,249.8,22.1,8.3,49.7,109.5,59.2,3.59,3.5,0.12,2,1,forest,0,
2023-08-03,Himachal Pradesh,Mandi,V008,Karsog,31.3833,77.2,1417,24.9,249.8,10.8,4.9,57.4,120.0,58.5,3.59,3.44,-0.06,2,1,agriculture,0,
2023-08-04,Himachal Pradesh,Mandi,V008,Karsog,31.3833,77.2,1417,24.9,249.8,7.1,3.1,40.0,105.4,55.5,3.59,3.35,-0.09,2,1,forest,0,
2023-08-05,Himachal Pradesh,Mandi,V008,Karsog,31.3833,77.2,1417,24.9,249.8,31.4,14.4,49.3,105.2,60.0,3.59,3.61,0.26,2,1,agriculture,0,
2023-08-06,Himachal Pradesh,Mandi,V008,Karsog,31.3833,77.2,1417,24.9,249.8,2.1,0.6,40.6,101.1,53.2,3.59,3.42,-0.19,2,1,forest,0,
2023-08-07,Himachal Pradesh,Mandi,V008,Karsog,31.3833,77.2,1417,24.9,249.8,4.9,1.3,38.4,102.9,52.2,3.59,3.4,-0.02,2,1,agriculture,0,
2023-08-08,Himachal Pradesh,Mandi,V008,Karsog,31.3833,77.2,1417,24.9,249.8,37.2,14.4,44.2,115.6,60.0,3.59,3.73,0.33,2,1,forest,0,
2023-08-09,Himachal Pradesh,Mandi,V008,Karsog,31.3833,77.2,1417,24.9,249.8,14.7,5.4,56.8,108.2,59.0,3.59,3.64,-0.09,2,1,forest,0,
2023-08-10,Himachal Pradesh,Mandi,V008,Karsog,31.3833,77.2,1417,24.9,249.8,34.1,17.2,86.0,131.5,60.0,3.59,3.86,0.22,2,1,forest,0,
2023-08-11,Himachal Pradesh,Mandi,V008,Karsog,31.3833,77.2,1417,24.9,249.8,43.7,13.8,92.5,168.1,60.0,3.59,4.16,0.3,2,1,forest,0,
2023-08-12,Himachal Pradesh,Mandi,V008,Karsog,31.3833,77.2,1417,24.9,249.8,9.2,3.4,87.0,145.9,58.9,3.59,4.03,-0.13,2,1,forest,0,
2023-08-13,Himachal Pradesh,Mandi,V008,Karsog,31.3833,77.2,1417,24.9,249.8,13.9,4.0,66.8,157.7,58.4,3.59,3.95,-0.08,2,1,agriculture,0,
2023-08-14,Himachal Pradesh,Mandi,V008,Karsog,31.3833,77.2,1417,24.9,249.8,6.3,2.1,29.4,159.1,55.6,3.59,3.8,-0.15,2,1,built-up,0,
2023-08-15,Himachal Pradesh,Mandi,V008,Karsog,31.3833,77.2,1417,24.9,249.8,19.2,6.7,39.4,141.1,57.2,3.59,3.82,0.02,2,1,agriculture,0,
2023-08-16,Himachal Pradesh,Mandi,V008,Karsog,31.3833,77.2,1417,24.9,249.8,2.0,0.9,27.5,128.4,53.4,3.59,3.6,-0.22,2,1,agriculture,0,
2023-08-17,Himachal Pradesh,Mandi,V008,Karsog,31.3833,77.2,1417,24.9,249.8,10.2,3.4,31.4,104.5,51.5,3.59,3.55,-0.05,2,1,built-up,0,
2023-08-18,Himachal Pradesh,Mandi,V008,Karsog,31.3833,77.2,1417,24.9,249.8,47.3,12.4,59.5,108.1,60.0,3.59,3.92,0.37,2,1,forest,0,
2023-08-19,Himachal Pradesh,Mandi,V008,Karsog,31.3833,77.2,1417,24.9,249.8,22.6,5.8,80.1,121.5,60.0,3.59,3.99,0.07,2,1,barren,0,
2023-08-20,Himachal Pradesh,Mandi,V008,Karsog,31.3833,77.2,1417,24.9,249.8,5.2,1.5,75.1,112.8,56.5,3.59,3.86,-0.13,2,1,built-up,0,
2023-08-21,Himachal Pradesh,Mandi,V008,Karsog,31.3833,77.2,1417,24.9,249.8,15.3,4.8,43.1,121.8,56.0,3.59,3.88,0.02,2,1,agriculture,0,
2023-08-22,Himachal Pradesh,Mandi,V008,Karsog,31.3833,77.2,1417,24.9,249.8,21.5,10.8,42.0,124.1,59.6,3.59,3.89,0.01,2,1,forest,0,
2023-08-23,Himachal Pradesh,Mandi,V008,Karsog,31.3833,77.2,1417,24.9,249.8,21.6,7.2,58.4,143.7,60.0,3.59,3.88,-0.01,2,1,barren,0,
2023-08-24,Himachal Pradesh,Mandi,V008,Karsog,31.3833,77.2,1417,24.9,249.8,16.8,8.8,59.9,150.3,60.0,3.59,3.79,-0.09,2,1,built-up,0,
2023-08-25,Himachal Pradesh,Mandi,V008,Karsog,31.3833,77.2,1417,24.9,249.8,26.2,6.9,64.6,129.2,60.0,3.59,3.98,0.19,2,1,agriculture,0,
2023-08-26,Himachal Pradesh,Mandi,V008,Karsog,31.3833,77.2,1417,24.9,249.8,21.8,9.5,64.8,128.4,60.0,3.59,4.09,0.11,2,1,agriculture,0,
2023-08-27,Himachal Pradesh,Mandi,V008,Karsog,31.3833,77.2,1417,24.9,249.8,12.3,4.6,60.3,135.5,58.4,3.59,3.96,-0.13,2,1,built-up,0,
2023-08-28,Himachal Pradesh,Mandi,V008,Karsog,31.3833,77.2,1417,24.9,249.8,14.8,6.6,48.9,135.0,57.0,3.59,3.92,-0.04,2,1,built-up,0,
2023-08-29,Himachal Pradesh,Mandi,V008,Karsog,31.3833,77.2,1417,24.9,249.8,10.6,5.4,37.7,124.1,55.6,3.59,3.85,-0.07,2,1,barren,0,
2023-08-30,Himachal Pradesh,Mandi,V008,Karsog,31.3833,77.2,1417,24.9,249.8,9.4,2.4,34.8,111.9,55.6,3.59,3.76,-0.09,2,1,barren,0,
2023-08-31,Himachal Pradesh,Mandi,V008,Karsog,31.3833,77.2,1417,24.9,249.8,11.7,4.3,31.7,106.8,53.6,3.59,3.67,-0.09,2,1,agriculture,0,
2023-09-01,Himachal Pradesh,Mandi,V008,Karsog,31.3833,77.2,1417,24.9,249.8,24.3,7.3,45.4,104.9,58.8,3.59,3.68,0.01,2,1,agriculture,0,
2023-09-02,Himachal Pradesh,Mandi,V008,Karsog,31.3833,77.2,1417,24.9,249.8,5.5,2.1,41.5,88.6,56.0,3.59,3.62,-0.06,2,1,built-up,0,
2023-09-03,Himachal Pradesh,Mandi,V008,Karsog,31.3833,77.2,1417,24.9,249.8,10.4,4.1,40.2,86.7,53.1,3.59,3.52,-0.1,2,1,forest,0,
2023-09-04,Himachal Pradesh,Mandi,V008,Karsog,31.3833,77.2,1417,24.9,249.8,4.7,2.1,20.6,76.6,49.5,3.59,3.46,-0.06,2,1,agriculture,0,
2023-09-05,Himachal Pradesh,Mandi,V008,Karsog,31.3833,77.2,1417,24.9,249.8,6.8,2.1,21.9,72.8,47.7,3.59,3.47,0.01,2,1,built-up,0,
2023-09-06,Himachal Pradesh,Mandi,V008,Karsog,31.3833,77.2,1417,24.9,249.8,4.3,1.3,15.8,67.7,44.6,3.59,3.43,-0.04,2,1,built-up,0,
2023-09-07,Himachal Pradesh,Mandi,V008,Karsog,31.3833,77.2,1417,24.9,249.8,6.5,3.5,17.6,62.5,41.7,3.59,3.42,-0.01,2,1,forest,0,
2023-09-08,Himachal Pradesh,Mandi,V008,Karsog,31.3833,77.2,1417,24.9,249.8,3.0,1.0,13.8,41.2,39.6,3.59,3.25,-0.17,2,1,agriculture,0,
2023-09-09,Himachal Pradesh,Mandi,V008,Karsog,31.3833,77.2,1417,24.9,249.8,75.9,40.3,85.4,111.6,60.0,3.59,4.02,0.77,2,1,built-up,0,
2023-09-10,Himachal Pradesh,Mandi,V008,Karsog,31.3833,77.2,1417,24.9,249.8,8.7,2.3,87.6,109.9,57.6,3.59,3.95,-0.07,2,1,agriculture,0,
2023-09-11,Himachal Pradesh,Mandi,V008,Karsog,31.3833,77.2,1417,24.9,249.8,6.2,2.8,90.8,111.4,53.0,3.59,3.9,-0.05,2,1,barren,0,
2023-09-12,Himachal Pradesh,Mandi,V008,Karsog,31.3833,77.2,1417,24.9,249.8,5.5,2.8,20.4,110.1,50.5,3.59,3.74,-0.16,2,1,built-up,0,
2023-09-13,Himachal Pradesh,Mandi,V008,Karsog,31.3833,77.2,1417,24.9,249.8,9.7,4.7,21.4,115.5,48.6,3.59,3.54,-0.2,2,1,forest,0,
2023-09-14,Himachal Pradesh,Mandi,V008,Karsog,31.3833,77.2,1417,24.9,249.8,4.4,1.4,19.6,113.4,45.4,3.59,3.44,-0.1,2,1,agriculture,0,
2023-09-15,Himachal Pradesh,Mandi,V008,Karsog,31.3833,77.2,1417,24.9,249.8,9.8,3.3,23.9,120.2,45.6,3.59,3.34,-0.1,2,1,forest,0,
2023-09-16,Himachal Pradesh,Mandi,V008,Karsog,31.3833,77.2,1417,24.9,249.8,4.6,1.7,18.8,48.9,42.3,3.59,3.22,-0.12,2,1,forest,0,
2023-09-17,Himachal Pradesh,Mandi,V008,Karsog,31.3833,77.2,1417,24.9,249.8,13.0,4.5,27.4,53.2,42.1,3.59,3.26,0.04,2,1,agriculture,0,
2023-09-18,Himachal Pradesh,Mandi,V008,Karsog,31.3833,77.2,1417,24.9,249.8,10.7,3.5,28.3,57.7,42.0,3.59,3.18,-0.08,2,1,forest,0,
2023-09-19,Himachal Pradesh,Mandi,V008,Karsog,31.3833,77.2,1417,24.9,249.8,4.5,1.9,28.2,56.7,39.7,3.59,2.96,-0.22,2,1,agriculture,0,
2023-09-20,Himachal Pradesh,Mandi,V008,Karsog,31.3833,77.2,1417,24.9,249.8,2.4,0.7,17.6,49.4,35.6,3.59,2.87,-0.09,2,1,forest,0,
2023-09-21,Himachal Pradesh,Mandi,V008,Karsog,31.3833,77.2,1417,24.9,249.8,0.7,0.3,7.6,45.7,32.1,3.59,2.67,-0.2,2,1,built-up,0,
2023-09-22,Himachal Pradesh,Mandi,V008,Karsog,31.3833,77.2,1417,24.9,249.8,3.2,1.5,6.3,39.1,30.4,3.59,2.52,-0.15,2,1,built-up,0,
2023-09-23,Himachal Pradesh,Mandi,V008,Karsog,31.3833,77.2,1417,24.9,249.8,8.8,3.3,12.7,43.3,32.1,3.59,2.44,-0.08,2,1,forest,0,
2023-09-24,Himachal Pradesh,Mandi,V008,Karsog,31.3833,77.2,1417,24.9,249.8,11.7,6.4,23.7,42.0,33.8,3.59,2.51,0.07,2,1,forest,0,
2023-09-25,Himachal Pradesh,Mandi,V008,Karsog,31.3833,77.2,1417,24.9,249.8,5.4,2.6,25.9,36.7,31.3,3.59,2.52,0.01,2,1,agriculture,0,
2023-09-26,Himachal Pradesh,Mandi,V008,Karsog,31.3833,77.2,1417,24.9,249.8,2.6,1.1,19.7,34.8,30.5,3.59,2.51,-0.01,2,1,agriculture,0,
2023-09-27,Himachal Pradesh,Mandi,V008,Karsog,31.3833,77.2,1417,24.9,249.8,7.4,1.9,15.4,39.8,30.1,3.59,2.52,0.01,2,1,agriculture,0,
2023-09-28,Himachal Pradesh,Mandi,V008,Karsog,31.3833,77.2,1417,24.9,249.8,5.7,2.3,15.7,44.8,30.5,3.59,2.49,-0.03,2,1,agriculture,0,
2023-09-29,Himachal Pradesh,Mandi,V008,Karsog,31.3833,77.2,1417,24.9,249.8,9.3,4.7,22.4,50.9,30.5,3.59,2.52,0.03,2,1,built-up,0,
2023-09-30,Himachal Pradesh,Mandi,V008,Karsog,31.3833,77.2,1417,24.9,249.8,4.3,1.7,19.3,46.4,28.7,3.59,2.36,-0.16,2,1,forest,0,
2023-10-01,Himachal Pradesh,Mandi,V008,Karsog,31.3833,77.2,1417,24.9,249.8,5.8,2.0,19.4,40.5,28.5,3.59,2.34,-0.02,2,1,built-up,0,
2023-10-02,Himachal Pradesh,Mandi,V008,Karsog,31.3833,77.2,1417,24.9,249.8,2.4,0.9,12.5,37.5,26.6,3.59,2.24,-0.1,2,1,built-up,0,
2023-10-03,Himachal Pradesh,Mandi,V008,Karsog,31.3833,77.2,1417,24.9,249.8,14.2,5.4,22.4,49.1,29.5,3.59,2.38,0.14,2,1,barren,0,
2023-10-04,Himachal Pradesh,Mandi,V008,Karsog,31.3833,77.2,1417,24.9,249.8,2.5,0.8,19.1,44.2,28.0,3.59,2.28,-0.1,2,1,built-up,0,
2023-10-05,Himachal Pradesh,Mandi,V008,Karsog,31.3833,77.2,1417,24.9,249.8,25.0,12.6,41.7,63.5,34.7,3.59,2.4,0.12,2,1,forest,0,
2023-10-06,Himachal Pradesh,Mandi,V008,Karsog,31.3833,77.2,1417,24.9,249.8,7.9,2.1,35.4,62.1,34.8,3.59,2.35,-0.05,2,1,forest,0,
2023-10-07,Himachal Pradesh,Mandi,V008,Karsog,31.3833,77.2,1417,24.9,249.8,5.4,2.1,38.3,63.2,31.9,3.59,2.33,-0.02,2,1,forest,0,
2023-10-08,Himachal Pradesh,Mandi,V008,Karsog,31.3833,77.2,1417,24.9,249.8,15.6,5.8,28.9,73.0,35.5,3.59,2.48,0.15,2,1,forest,0,
2023-10-09,Himachal Pradesh,Mandi,V008,Karsog,31.3833,77.2,1417,24.9,249.8,4.4,1.8,25.4,75.0,33.1,3.59,2.43,-0.05,2,1,built-up,0,
2023-10-10,Himachal Pradesh,Mandi,V008,Karsog,31.3833,77.2,1417,24.9,249.8,2.7,1.5,22.7,63.5,31.8,3.59,2.26,-0.17,2,1,forest,0,
2023-06-01,Sikkim,North Sikkim,V009,Lachen,27.7167,88.55,2750,30.2,32.3,7.0,3.8,7.0,7.0,23.7,2.78,2.56,,5,4,forest,0,
2023-06-02,Sikkim,North Sikkim,V009,Lachen,27.7167,88.55,2750,30.2,32.3,0.7,0.3,7.7,7.7,21.0,2.78,2.46,-0.1,5,4,agriculture,0,
2023-06-03,Sikkim,North Sikkim,V009,Lachen,27.7167,88.55,2750,30.2,32.3,3.3,1.1,11.0,11.0,19.4,2.78,2.34,-0.12,5,4,forest,0,
2023-06-04,Sikkim,North Sikkim,V009,Lachen,27.7167,88.55,2750,30.2,32.3,4.8,2.5,8.8,15.8,19.0,2.78,2.28,-0.06,5,4,agriculture,0,
2023-06-05,Sikkim,North Sikkim,V009,Lachen,27.7167,88.55,2750,30.2,32.3,1.4,0.5,9.5,17.2,17.1,2.78,2.21,-0.07,5,4,agriculture,0,
2023-06-06,Sikkim,North Sikkim,V009,Lachen,27.7167,88.55,2750,30.2,32.3,2.9,1.4,9.1,20.1,15.8,2.78,2.15,-0.06,5,4,agriculture,0,
2023-06-07,Sikkim,North Sikkim,V009,Lachen,27.7167,88.55,2750,30.2,32.3,10.6,3.9,14.9,30.7,18.4,2.78,2.16,0.01,5,4,barren,0,
2023-06-08,Sikkim,North Sikkim,V009,Lachen,27.7167,88.55,2750,30.2,32.3,8.3,4.1,21.8,32.0,20.7,2.78,2.02,-0.14,5,4,forest,0,
2023-06-09,Sikkim,North Sikkim,V009,Lachen,27.7167,88.55,2750,30.2,32.3,4.6,2.1,23.5,35.9,18.8,2.78,1.98,-0.04,5,4,agriculture,0,
2023-06-10,Sikkim,North Sikkim,V009,Lachen,27.7167,88.55,2750,30.2,32.3,78.7,41.6,91.6,111.3,48.5,2.78,2.85,0.87,5,4,built-up,0,
2023-06-11,Sikkim,North Sikkim,V009,Lachen,27.7167,88.55,2750,30.2,32.3,6.8,3.4,90.1,113.3,45.5,2.78,2.78,-0.07,5,4,barren,0,
2023-06-12,Sikkim,North Sikkim,V009,Lachen,27.7167,88.55,2750,30.2,32.3,2.4,1.3,87.9,114.3,40.7,2.78,2.68,-0.1,5,4,forest,0,
2023-06-13,Sikkim,North Sikkim,V009,Lachen,27.7167,88.55,2750,30.2,32.3,1.1,0.3,10.3,112.5,36.3,2.78,2.6,-0.08,5,4,forest,0,
2023-06-14,Sikkim,North Sikkim,V009,Lachen,27.7167,88.55,2750,30.2,32.3,7.6,3.5,11.1,109.5,34.7,2.78,2.62,0.02,5,4,forest,0,
2023-06-15,Sikkim,North Sikkim,V009,Lachen,27.7167,88.55,2750,30.2,32.3,14.9,4.4,23.6,116.1,37.0,2.78,2.73,0.11,5,4,forest,0,
2023-06-16,Sikkim,North Sikkim,V009,Lachen,27.7167,88.55,2750,30.2,32.3,0.4,0.2,22.9,111.9,34.2,2.78,2.61,-0.12,5,4,forest,0,
2023-06-17,Sikkim,North Sikkim,V009,Lachen,27.7167,88.55,2750,30.2,32.3,17.2,5.0,32.5,50.4,37.9,2.78,2.68,0.07,5,4,built-up,0,
2023-06-18,Sikkim,North Sikkim,V009,Lachen,27.7167,88.55,2750,30.2,32.3,13.3,6.5,30.9,56.9,38.4,2.78,2.79,0.11,5,4,agriculture,0,
2023-06-19,Sikkim,North Sikkim,V009,Lachen,27.7167,88.55,2750,30.2,32.3,4.4,2.3,34.9,58.9,37.5,2.78,2.71,-0.08,5,4,agriculture,0,
2023-06-20,Sikkim,North Sikkim,V009,Lachen,27.7167,88.55,2750,30.2,32.3,3.7,1.0,21.4,61.5,36.6,2.78,2.65,-0.06,5,4,built-up,0,
2023-06-21,Sikkim,North Sikkim,V009,Lachen,27.7167,88.55,2750,30.2,32.3,11.8,6.2,19.9,65.7,38.0,2.78,2.65,0.0,5,4,forest,0,
2023-06-22,Sikkim,North Sikkim,V009,Lachen,27.7167,88.55,2750,30.2,32.3,12.6,4.2,28.1,63.4,39.9,2.78,2.65,0.0,5,4,forest,0,
2023-06-23,Sikkim,North Sikkim,V009,Lachen,27.7167,88.55,2750,30.2,32.3,2.9,0.9,27.3,65.9,37.6,2.78,2.57,-0.08,5,4,forest,0,
2023-06-24,Sikkim,North Sikkim,V009,Lachen,27.7167,88.55,2750,30.2,32.3,8.3,4.2,23.8,57.0,37.2,2.78,2.62,0.05,5,4,agriculture,0,
2023-06-25,Sikkim,North Sikkim,V009,Lachen,27.7167,88.55,2750,30.2,32.3,11.9,4.8,23.1,55.6,38.0,2.78,2.65,0.03,5,4,agriculture,0,
2023-06-26,Sikkim,North Sikkim,V009,Lachen,27.7167,88.55,2750,30.2,32.3,0.6,0.3,20.8,51.8,34.3,2.78,2.46,-0.19,5,4,agriculture,0,
2023-06-27,Sikkim,North Sikkim,V009,Lachen,27.7167,88.55,2750,30.2,32.3,2.5,0.9,15.0,50.6,32.7,2.78,2.36,-0.1,5,4,barren,0,
2023-06-28,Sikkim,North Sikkim,V009,Lachen,27.7167,88.55,2750,30.2,32.3,4.9,1.3,8.0,43.7,31.4,2.78,2.23,-0.13,5,4,built-up,0,
2023-06-29,Sikkim,North Sikkim,V009,Lachen,27.7167,88.55,2750,30.2,32.3,7.0,2.3,14.4,38.1,30.8,2.78,2.26,0.03,5,4,forest,0,
2023-06-30,Sikkim,North Sikkim,V009,Lachen,27.7167,88.55,2750,30.2,32.3,15.0,5.0,26.9,50.2,34.2,2.78,2.35,0.09,5,4,agriculture,0,
2023-07-01,Sikkim,North Sikkim,V009,Lachen,27.7167,88.55,2750,30.2,32.3,36.4,12.1,58.4,78.3,46.9,2.78,2.68,0.33,5,4,agriculture,0,
2023-07-02,Sikkim,North Sikkim,V009,Lachen,27.7167,88.55,2750,30.2,32.3,2.3,1.1,53.7,68.7,42.6,2.78,2.55,-0.13,5,4,agriculture,0,
2023-07-03,Sikkim,North Sikkim,V009,Lachen,27.7167,88.55,2750,30.2,32.3,18.4,7.6,57.1,86.5,44.2,2.78,2.62,0.07,5,4,built-up,0,
2023-07-04,Sikkim,North Sikkim,V009,Lachen,27.7167,88.55,2750,30.2,32.3,9.6,2.5,30.3,93.6,46.6,2.78,2.6,-0.02,5,4,agriculture,0,
2023-07-05,Sikkim,North Sikkim,V009,Lachen,27.7167,88.55,2750,30.2,32.3,6.2,3.3,34.2,94.9,45.0,2.78,2.54,-0.06,5,4,forest,0,
2023-07-06,Sikkim,North Sikkim,V009,Lachen,27.7167,88.55,2750,30.2,32.3,4.8,1.4,20.6,92.7,42.7,2.78,2.56,0.02,5,4,forest,0,
2023-07-07,Sikkim,North Sikkim,V009,Lachen,27.7167,88.55,2750,30.2,32.3,17.7,6.1,28.7,95.4,44.3,2.78,2.64,0.08,5,4,forest,0,
2023-07-08,Sikkim,North Sikkim,V009,Lachen,27.7167,88.55,2750,30.2,32.3,12.1,4.0,34.6,71.1,44.8,2.78,2.64,0.0,5,4,agriculture,0,
2023-07-09,Sikkim,North Sikkim,V009,Lachen,27.7167,88.55,2750,30.2,32.3,14.3,7.6,44.1,83.1,46.5,2.78,2.66,0.02,5,4,forest,0,
2023-07-10,Sikkim,North Sikkim,V009,Lachen,27.7167,88.55,2750,30.2,32.3,25.8,12.2,52.2,90.5,51.4,2.78,2.83,0.17,5,4,built-up,0,
2023-07-11,Sikkim,North Sikkim,V009,Lachen,27.7167,88.55,2750,30.2,32.3,7.9,4.1,48.0,88.8,50.3,2.78,2.79,-0.04,5,4,agriculture,0,
2023-07-12,Sikkim,North Sikkim,V009,Lachen,27.7167,88.55,2750,30.2,32.3,30.1,10.4,63.8,112.7,56.6,2.78,3.05,0.26,5,4,forest,0,
2023-07-13,Sikkim,North Sikkim,V009,Lachen,27.7167,88.55,2750,30.2,32.3,18.0,6.4,56.0,125.9,58.8,2.78,3.07,0.02,5,4,built-up,0,
2023-07-14,Sikkim,North Sikkim,V009,Lachen,27.7167,88.55,2750,30.2,32.3,8.4,3.1,56.5,116.6,56.2,2.78,3.03,-0.04,5,4,forest,0,
2023-07-15,Sikkim,North Sikkim,V009,Lachen,27.7167,88.55,2750,30.2,32.3,15.3,5.8,41.7,119.8,55.9,2.78,3.06,0.03,5,4,agriculture,0,
2023-07-16,Sikkim,North Sikkim,V009,Lachen,27.7167,88.55,2750,30.2,32.3,7.5,2.2,31.2,113.0,53.5,2.78,2.96,-0.1,5,4,forest,0,
2023-07-17,Sikkim,North Sikkim,V009,Lachen,27.7167,88.55,2750,30.2,32.3,7.3,2.3,30.1,94.5,50.6,2.78,2.84,-0.12,5,4,agriculture,0,
2023-07-18,Sikkim,North Sikkim,V009,Lachen,27.7167,88.55,2750,30.2,32.3,7.8,3.2,22.6,94.4,49.2,2.78,2.82,-0.02,5,4,forest,0,
2023-07-19,Sikkim,North Sikkim,V009,Lachen,27.7167,88.55,2750,30.2,32.3,4.6,1.9,19.7,68.9,45.7,2.78,2.77,-0.05,5,4,forest,0,
2023-07-20,Sikkim,North Sikkim,V009,Lachen,27.7167,88.55,2750,30.2,32.3,12.2,5.9,24.6,63.1,45.1,2.78,2.75,-0.02,5,4,built-up,0,
2023-07-21,Sikkim,North Sikkim,V009,Lachen,27.7167,88.55,2750,30.2,32.3,27.7,11.0,44.5,82.4,50.4,2.78,2.93,0.18,5,4,agriculture,0,
2023-07-22,Sikkim,North Sikkim,V009,Lachen,27.7167,88.55,2750,30.2,32.3,15.9,4.6,55.8,83.0,51.2,2.78,3.06,0.13,5,4,agriculture,0,
2023-07-23,Sikkim,North Sikkim,V009,Lachen,27.7167,88.55,2750,30.2,32.3,13.6,6.5,57.2,89.1,50.4,2.78,3.06,0.0,5,4,barren,0,
2023-07-24,Sikkim,North Sikkim,V009,Lachen,27.7167,88.55,2750,30.2,32.3,2.4,0.9,31.9,84.2,46.0,2.78,2.92,-0.14,5,4,agriculture,0,
2023-07-25,Sikkim,North Sikkim,V009,Lachen,27.7167,88.55,2750,30.2,32.3,9.4,4.0,25.4,85.8,46.1,2.78,2.94,0.02,5,4,forest,0,
2023-07-26,Sikkim,North Sikkim,V009,Lachen,27.7167,88.55,2750,30.2,32.3,1.9,0.5,13.7,83.1,43.3,2.78,2.75,-0.19,5,4,forest,0,
2023-07-27,Sikkim,North Sikkim,V009,Lachen,27.7167,88.55,2750,30.2,32.3,3.2,1.5,14.5,74.1,39.6,2.78,2.68,-0.07,5,4,forest,0,
2023-07-28,Sikkim,North Sikkim,V009,Lachen,27.7167,88.55,2750,30.2,32.3,13.5,7.1,18.6,59.9,41.1,2.78,2.68,0.0,5,4,built-up,0,
2023-07-29,Sikkim,North Sikkim,V009,Lachen,27.7167,88.55,2750,30.2,32.3,19.2,10.2,35.9,63.2,44.3,2.78,2.74,0.06,5,4,forest,0,
2023-07-30,Sikkim,North Sikkim,V009,Lachen,27.7167,88.55,2750,30.2,32.3,45.2,11.7,77.9,94.8,57.8,2.78,3.24,0.5,5,4,forest,0,
2023-07-31,Sikkim,North Sikkim,V009,Lachen,27.7167,88.55,2750,30.2,32.3,44.4,22.6,108.8,136.8,60.0,2.78,3.58,0.34,5,4,agriculture,0,
2023-08-01,Sikkim,North Sikkim,V009,Lachen,27.7167,88.55,2750,30.2,32.3,39.9,21.0,129.5,167.3,60.0,2.78,3.83,0.25,5,4,forest,0,
2023-08-02,Sikkim,North Sikkim,V009,Lachen,27.7167,88.55,2750,30.2,32.3,10.7,4.5,95.0,176.1,57.6,2.78,3.75,-0.08,5,4,forest,0,
2023-08-03,Sikkim,North Sikkim,V009,Lachen,27.7167,88.55,2750,30.2,32.3,12.7,5.9,63.3,185.6,55.9,2.78,3.77,0.02,5,4,forest,0,
2023-08-04,Sikkim,North Sikkim,V009,Lachen,27.7167,88.55,2750,30.2,32.3,23.0,5.8,46.4,195.1,58.9,2.78,3.83,0.06,5,4,agriculture,0,
2023-08-05,Sikkim,North Sikkim,V009,Lachen,27.7167,88.55,2750,30.2,32.3,6.4,2.3,42.1,182.3,55.6,2.78,3.72,-0.11,5,4,built-up,0,
2023-08-06,Sikkim,North Sikkim,V009,Lachen,27.7167,88.55,2750,30.2,32.3,37.8,15.7,67.2,174.9,60.0,2.78,4.01,0.29,5,4,forest,0,
2023-08-07,Sikkim,North Sikkim,V009,Lachen,27.7167,88.55,2750,30.2,32.3,17.0,6.9,61.2,147.5,60.0,2.78,4.08,0.07,5,4,agriculture,0,
2023-08-08,Sikkim,North Sikkim,V009,Lachen,27.7167,88.55,2750,30.2,32.3,8.4,2.5,63.2,116.0,57.4,2.78,4.06,-0.02,5,4,forest,0,
2023-08-09,Sikkim,North Sikkim,V009,Lachen,27.7167,88.55,2750,30.2,32.3,38.3,14.1,63.7,143.6,60.0,2.78,4.29,0.23,5,4,agriculture,0,
2023-08-10,Sikkim,North Sikkim,V009,Lachen,27.7167,88.55,2750,30.2,32.3,37.7,13.8,84.4,168.6,60.0,2.78,4.51,0.22,5,4,forest,0,
2023-08-11,Sikkim,North Sikkim,V009,Lachen,27.7167,88.55,2750,30.2,32.3,1.7,0.6,77.7,147.3,55.0,2.78,4.32,-0.19,5,4,barren,0,
2023-08-12,Sikkim,North Sikkim,V009,Lachen,27.7167,88.55,2750,30.2,32.3,18.7,4.7,58.1,159.6,55.5,2.78,4.24,-0.08,5,4,forest,0,
2023-08-13,Sikkim,North Sikkim,V009,Lachen,27.7167,88.55,2750,30.2,32.3,23.0,9.9,43.4,144.8,58.7,2.78,4.33,0.09,5,4,agriculture,0,
2023-08-14,Sikkim,North Sikkim,V009,Lachen,27.7167,88.55,2750,30.2,32.3,10.7,4.6,52.4,138.5,57.1,2.78,4.27,-0.06,5,4,forest,0,
2023-08-15,Sikkim,North Sikkim,V009,Lachen,27.7167,88.55,2750,30.2,32.3,37.8,12.6,71.5,167.9,60.0,2.78,4.47,0.2,5,4,agriculture,0,
2023-08-16,Sikkim,North Sikkim,V009,Lachen,27.7167,88.55,2750,30.2,32.3,30.1,14.3,78.6,159.7,60.0,2.78,4.67,0.2,5,4,agriculture,0,
2023-08-17,Sikkim,North Sikkim,V009,Lachen,27.7167,88.55,2750,30.2,32.3,33.6,12.2,101.5,155.6,60.0,2.78,4.87,0.2,5,4,forest,0,
2023-08-18,Sikkim,North Sikkim,V009,Lachen,27.7167,88.55,2750,30.2,32.3,10.4,3.1,74.1,164.3,56.1,2.78,4.84,-0.03,5,4,agriculture,0,
2023-08-19,Sikkim,North Sikkim,V009,Lachen,27.7167,88.55,2750,30.2,32.3,15.5,5.3,59.5,161.1,56.6,2.78,4.92,0.08,5,4,agriculture,0,
2023-08-20,Sikkim,North Sikkim,V009,Lachen,27.7167,88.55,2750,30.2,32.3,6.2,2.0,32.1,144.3,52.0,2.78,4.68,-0.24,5,4,built-up,0,
2023-08-21,Sikkim,North Sikkim,V009,Lachen,27.7167,88.55,2750,30.2,32.3,24.6,10.0,46.3,158.2,57.7,2.78,4.64,-0.04,5,4,forest,0,
2023-08-22,Sikkim,North Sikkim,V009,Lachen,27.7167,88.55,2750,30.2,32.3,32.0,12.4,62.8,152.4,60.0,2.78,4.77,0.13,5,4,built-up,0,
2023-08-23,Sikkim,North Sikkim,V009,Lachen,27.7167,88.55,2750,30.2,32.3,16.9,5.0,73.5,139.2,60.0,2.78,4.65,-0.12,5,4,forest,0,
2023-08-24,Sikkim,North Sikkim,V009,Lachen,27.7167,88.55,2750,30.2,32.3,32.6,16.1,81.5,138.2,60.0,2.78,4.78,0.13,5,4,forest,0,
2023-08-25,Sikkim,North Sikkim,V009,Lachen,27.7167,88.55,2750,30.2,32.3,13.9,7.1,63.4,141.7,58.9,2.78,4.67,-0.11,5,4,forest,0,
2023-08-26,Sikkim,North Sikkim,V009,Lachen,27.7167,88.55,2750,30.2,32.3,8.6,2.8,55.1,134.8,57.8,2.78,4.52,-0.15,5,4,forest,0,
2023-08-27,Sikkim,North Sikkim,V009,Lachen,27.7167,88.55,2750,30.2,32.3,13.4,5.0,35.9,142.0,55.0,2.78,4.47,-0.05,5,4,built-up,0,
2023-08-28,Sikkim,North Sikkim,V009,Lachen,27.7167,88.55,2750,30.2,32.3,21.8,7.6,43.8,139.2,59.0,2.78,4.4,-0.07,5,4,built-up,0,
2023-08-29,Sikkim,North Sikkim,V009,Lachen,27.7167,88.55,2750,30.2,32.3,9.9,3.7,45.1,117.1,55.9,2.78,4.4,0.0,5,4,forest,0,
2023-08-30,Sikkim,North Sikkim,V009,Lachen,27.7167,88.55,2750,30.2,32.3,44.1,14.9,75.8,144.3,60.0,2.78,4.77,0.37,5,4,built-up,0,
2023-08-31,Sikkim,North Sikkim,V009,Lachen,27.7167,88.55,2750,30.2,32.3,1.8,0.5,55.8,113.5,54.0,2.78,4.53,-0.24,5,4,built-up,0,
2023-09-01,Sikkim,North Sikkim,V009,Lachen,27.7167,88.55,2750,30.2,32.3,11.2,4.6,57.1,110.8,52.1,2.78,4.34,-0.19,5,4,agriculture,0,
2023-09-02,Sikkim,North Sikkim,V009,Lachen,27.7167,88.55,2750,30.2,32.3,4.6,2.5,17.6,106.8,50.8,2.78,4.16,-0.18,5,4,built-up,0,
2023-09-03,Sikkim,North Sikkim,V009,Lachen,27.7167,88.55,2750,30.2,32.3,9.3,4.3,25.1,102.7,49.4,2.78,4.07,-0.09,5,4,forest,0,
2023-09-04,Sikkim,North Sikkim,V009,Lachen,27.7167,88.55,2750,30.2,32.3,19.6,8.8,33.5,100.5,52.0,2.78,4.0,-0.07,5,4,agriculture,0,
2023-09-05,Sikkim,North Sikkim,V009,Lachen,27.7167,88.55,2750,30.2,32.3,2.0,0.9,30.9,92.6,47.2,2.78,3.73,-0.27,5,4,agriculture,0,
2023-09-06,Sikkim,North Sikkim,V009,Lachen,27.7167,88.55,2750,30.2,32.3,2.5,1.0,24.1,51.0,42.4,2.78,3.58,-0.15,5,4,agriculture,0,
2023-09-07,Sikkim,North Sikkim,V009,Lachen,27.7167,88.55,2750,30.2,32.3,6.4,2.9,10.9,55.6,40.6,2.78,3.51,-0.07,5,4,agriculture,0,
2023-09-08,Sikkim,North Sikkim,V009,Lachen,27.7167,88.55,2750,30.2,32.3,5.7,3.1,14.6,50.1,39.2,2.78,3.42,-0.09,5,4,forest,0,
2023-09-09,Sikkim,North Sikkim,V009,Lachen,27.7167,88.55,2750,30.2,32.3,2.9,0.8,15.0,48.4,35.4,2.78,3.28,-0.14,5,4,forest,0,
2023-09-10,Sikkim,North Sikkim,V009,Lachen,27.7167,88.55,2750,30.2,32.3,5.0,2.1,13.6,44.1,33.9,2.78,3.17,-0.11,5,4,agriculture,0,
2023-09-11,Sikkim,North Sikkim,V009,Lachen,27.7167,88.55,2750,30.2,32.3,8.6,4.0,16.5,33.1,33.2,2.78,3.13,-0.04,5,4,forest,0,
2023-09-12,Sikkim,North Sikkim,V009,Lachen,27.7167,88.55,2750,30.2,32.3,9.0,4.1,22.6,40.1,34.1,2.78,3.09,-0.04,5,4,agriculture,0,
2023-09-13,Sikkim,North Sikkim,V009,Lachen,27.7167,88.55,2750,30.2,32.3,4.1,1.6,21.7,41.7,34.7,2.78,3.04,-0.05,5,4,agriculture,0,
2023-09-14,Sikkim,North Sikkim,V009,Lachen,27.7167,88.55,2750,30.2,32.3,10.6,2.9,23.7,45.9,35.2,2.78,3.01,-0.03,5,4,forest,0,
2023-09-15,Sikkim,North Sikkim,V009,Lachen,27.7167,88.55,2750,30.2,32.3,12.3,3.4,27.0,52.5,36.7,2.78,3.05,0.04,5,4,forest,0,
2023-09-16,Sikkim,North Sikkim,V009,Lachen,27.7167,88.55,2750,30.2,32.3,5.9,2.8,28.8,55.5,36.1,2.78,2.91,-0.14,5,4,barren,0,
2023-09-17,Sikkim,North Sikkim,V009,Lachen,27.7167,88.55,2750,30.2,32.3,6.3,2.3,24.5,56.8,37.0,2.78,2.84,-0.07,5,4,forest,0,
2023-09-18,Sikkim,North Sikkim,V009,Lachen,27.7167,88.55,2750,30.2,32.3,14.0,7.4,26.2,62.2,39.9,2.78,2.72,-0.12,5,4,forest,0,
2023-09-19,Sikkim,North Sikkim,V009,Lachen,27.7167,88.55,2750,30.2,32.3,3.9,1.7,24.2,57.1,36.7,2.78,2.58,-0.14,5,4,built-up,0,
2023-09-20,Sikkim,North Sikkim,V009,Lachen,27.7167,88.55,2750,30.2,32.3,2.3,0.7,20.2,55.3,33.2,2.78,2.5,-0.08,5,4,agriculture,0,
2023-09-21,Sikkim,North Sikkim,V009,Lachen,27.7167,88.55,2750,30.2,32.3,2.6,0.9,8.8,47.3,29.9,2.78,2.51,0.01,5,4,forest,0,
2023-09-22,Sikkim,North Sikkim,V009,Lachen,27.7167,88.55,2750,30.2,32.3,8.2,2.8,13.1,43.2,29.8,2.78,2.49,-0.02,5,4,forest,0,
2023-09-23,Sikkim,North Sikkim,V009,Lachen,27.7167,88.55,2750,30.2,32.3,10.5,5.3,21.3,47.8,30.9,2.78,2.52,0.03,5,4,built-up,0,
2023-09-24,Sikkim,North Sikkim,V009,Lachen,27.7167,88.55,2750,30.2,32.3,17.5,7.1,36.2,59.0,36.6,2.78,2.72,0.2,5,4,agriculture,0,
2023-09-25,Sikkim,North Sikkim,V009,Lachen,27.7167,88.55,2750,30.2,32.3,8.0,2.6,36.0,53.0,36.4,2.78,2.74,0.02,5,4,agriculture,0,
2023-09-26,Sikkim,North Sikkim,V009,Lachen,27.7167,88.55,2750,30.2,32.3,6.6,2.1,32.1,55.7,34.7,2.78,2.71,-0.03,5,4,forest,0,
2023-09-27,Sikkim,North Sikkim,V009,Lachen,27.7167,88.55,2750,30.2,32.3,3.3,1.4,17.9,56.7,31.2,2.78,2.68,-0.03,5,4,built-up,0,
2023-09-28,Sikkim,North Sikkim,V009,Lachen,27.7167,88.55,2750,30.2,32.3,2.0,0.9,11.9,56.1,27.6,2.78,2.56,-0.12,5,4,barren,0,
2023-09-29,Sikkim,North Sikkim,V009,Lachen,27.7167,88.55,2750,30.2,32.3,3.5,1.6,8.8,51.4,26.9,2.78,2.46,-0.1,5,4,built-up,0,
2023-09-30,Sikkim,North Sikkim,V009,Lachen,27.7167,88.55,2750,30.2,32.3,18.0,7.9,23.5,58.9,33.4,2.78,2.53,0.07,5,4,agriculture,0,
2023-10-01,Sikkim,North Sikkim,V009,Lachen,27.7167,88.55,2750,30.2,32.3,9.4,4.5,30.9,50.8,34.4,2.78,2.53,0.0,5,4,built-up,0,
2023-10-02,Sikkim,North Sikkim,V009,Lachen,27.7167,88.55,2750,30.2,32.3,12.5,6.4,39.9,55.3,36.5,2.78,2.58,0.05,5,4,forest,0,
2023-10-03,Sikkim,North Sikkim,V009,Lachen,27.7167,88.55,2750,30.2,32.3,9.2,3.5,31.1,57.9,37.4,2.78,2.53,-0.05,5,4,agriculture,0,
2023-10-04,Sikkim,North Sikkim,V009,Lachen,27.7167,88.55,2750,30.2,32.3,165.6,80.7,187.3,220.2,60.0,2.78,4.41,1.88,5,4,forest,1,6
2023-10-05,Sikkim,North Sikkim,V009,Lachen,27.7167,88.55,2750,30.2,32.3,6.1,3.1,180.9,224.3,56.3,2.78,4.3,-0.11,5,4,forest,0,
2023-10-06,Sikkim,North Sikkim,V009,Lachen,27.7167,88.55,2750,30.2,32.3,1.2,0.6,172.9,222.0,50.8,2.78,4.01,-0.29,5,4,agriculture,0,
2023-10-07,Sikkim,North Sikkim,V009,Lachen,27.7167,88.55,2750,30.2,32.3,72.1,28.0,79.4,276.1,60.0,2.78,4.65,0.64,5,4,agriculture,0,
2023-10-08,Sikkim,North Sikkim,V009,Lachen,27.7167,88.55,2750,30.2,32.3,6.6,2.3,79.9,273.3,56.3,2.78,4.44,-0.21,5,4,forest,0,
2023-10-09,Sikkim,North Sikkim,V009,Lachen,27.7167,88.55,2750,30.2,32.3,1.7,0.8,80.4,262.5,51.5,2.78,4.22,-0.22,5,4,agriculture,0,
2023-10-10,Sikkim,North Sikkim,V009,Lachen,27.7167,88.55,2750,30.2,32.3,8.3,2.7,16.6,261.6,51.5,2.78,4.25,0.03,5,4,barren,0,
2023-06-01,Sikkim,North Sikkim,V010,Chungthang,27.6167,88.65,1790,28.7,209.9,10.2,3.5,10.2,10.2,25.7,4.18,3.46,,3,1,forest,0,
2023-06-02,Sikkim,North Sikkim,V010,Chungthang,27.6167,88.65,1790,28.7,209.9,11.4,3.2,21.6,21.6,27.1,4.18,3.35,-0.11,3,1,agriculture,0,
2023-06-03,Sikkim,North Sikkim,V010,Chungthang,27.6167,88.65,1790,28.7,209.9,2.8,1.2,24.4,24.4,26.7,4.18,3.2,-0.15,3,1,built-up,0,
2023-06-04,Sikkim,North Sikkim,V010,Chungthang,27.6167,88.65,1790,28.7,209.9,4.9,2.5,19.1,29.3,24.7,4.18,3.17,-0.03,3,1,agriculture,0,
2023-06-05,Sikkim,North Sikkim,V010,Chungthang,27.6167,88.65,1790,28.7,209.9,16.5,8.6,24.2,45.8,28.8,4.18,3.09,-0.08,3,1,agriculture,0,
2023-06-06,Sikkim,North Sikkim,V010,Chungthang,27.6167,88.65,1790,28.7,209.9,7.7,2.4,29.1,53.5,28.5,4.18,3.02,-0.07,3,1,forest,0,
2023-06-07,Sikkim,North Sikkim,V010,Chungthang,27.6167,88.65,1790,28.7,209.9,11.9,5.2,36.1,65.4,28.9,4.18,2.99,-0.03,3,1,agriculture,0,
2023-06-08,Sikkim,North Sikkim,V010,Chungthang,27.6167,88.65,1790,28.7,209.9,3.4,1.0,23.0,58.6,26.8,4.18,2.99,0.0,3,1,agriculture,0,
2023-06-09,Sikkim,North Sikkim,V010,Chungthang,27.6167,88.65,1790,28.7,209.9,10.0,4.7,25.3,57.2,28.0,4.18,3.0,0.01,3,1,forest,0,
2023-06-10,Sikkim,North Sikkim,V010,Chungthang,27.6167,88.65,1790,28.7,209.9,7.2,3.1,20.6,61.6,27.3,4.18,2.91,-0.09,3,1,agriculture,0,
2023-06-11,Sikkim,North Sikkim,V010,Chungthang,27.6167,88.65,1790,28.7,209.9,3.3,1.0,20.5,60.0,26.0,4.18,2.9,-0.01,3,1,agriculture,0,
2023-06-12,Sikkim,North Sikkim,V010,Chungthang,27.6167,88.65,1790,28.7,209.9,5.5,2.4,16.0,49.0,25.7,4.18,2.84,-0.06,3,1,forest,0,
2023-06-13,Sikkim,North Sikkim,V010,Chungthang,27.6167,88.65,1790,28.7,209.9,13.1,7.0,21.9,54.4,28.3,4.18,2.9,0.06,3,1,agriculture,0,
2023-06-14,Sikkim,North Sikkim,V010,Chungthang,27.6167,88.65,1790,28.7,209.9,4.8,2.3,23.4,47.3,27.5,4.18,2.79,-0.11,3,1,forest,0,
2023-06-15,Sikkim,North Sikkim,V010,Chungthang,27.6167,88.65,1790,28.7,209.9,2.0,0.6,19.9,45.9,24.2,4.18,2.71,-0.08,3,1,forest,0,
2023-06-16,Sikkim,North Sikkim,V010,Chungthang,27.6167,88.65,1790,28.7,209.9,6.5,2.9,13.3,42.4,25.4,4.18,2.68,-0.03,3,1,forest,0,
2023-06-17,Sikkim,North Sikkim,V010,Chungthang,27.6167,88.65,1790,28.7,209.9,22.4,6.1,30.9,57.6,31.9,4.18,2.83,0.15,3,1,forest,0,
2023-06-18,Sikkim,North Sikkim,V010,Chungthang,27.6167,88.65,1790,28.7,209.9,22.3,11.5,51.2,76.6,38.9,4.18,2.95,0.12,3,1,agriculture,0,
2023-06-19,Sikkim,North Sikkim,V010,Chungthang,27.6167,88.65,1790,28.7,209.9,6.0,2.8,50.7,77.1,36.9,4.18,2.89,-0.06,3,1,forest,0,
2023-06-20,Sikkim,North Sikkim,V010,Chungthang,27.6167,88.65,1790,28.7,209.9,1.1,0.6,29.4,65.1,33.3,4.18,2.7,-0.19,3,1,forest,0,
2023-06-21,Sikkim,North Sikkim,V010,Chungthang,27.6167,88.65,1790,28.7,209.9,6.9,2.6,14.0,67.2,34.2,4.18,2.61,-0.09,3,1,agriculture,0,
2023-06-22,Sikkim,North Sikkim,V010,Chungthang,27.6167,88.65,1790,28.7,209.9,1.7,0.6,9.7,66.9,32.7,4.18,2.54,-0.07,3,1,built-up,0,
2023-06-23,Sikkim,North Sikkim,V010,Chungthang,27.6167,88.65,1790,28.7,209.9,1.6,0.5,10.2,62.0,30.0,4.18,2.45,-0.09,3,1,built-up,0,
2023-06-24,Sikkim,North Sikkim,V010,Chungthang,27.6167,88.65,1790,28.7,209.9,7.6,2.1,10.9,47.2,31.5,4.18,2.39,-0.06,3,1,forest,0,
2023-06-25,Sikkim,North Sikkim,V010,Chungthang,27.6167,88.65,1790,28.7,209.9,12.9,4.7,22.1,37.8,31.8,4.18,2.44,0.05,3,1,forest,0,
2023-06-26,Sikkim,North Sikkim,V010,Chungthang,27.6167,88.65,1790,28.7,209.9,3.2,1.0,23.7,35.0,29.5,4.18,2.36,-0.08,3,1,agriculture,0,
2023-06-27,Sikkim,North Sikkim,V010,Chungthang,27.6167,88.65,1790,28.7,209.9,0.7,0.3,16.8,34.6,26.9,4.18,2.26,-0.1,3,1,agriculture,0,
2023-06-28,Sikkim,North Sikkim,V010,Chungthang,27.6167,88.65,1790,28.7,209.9,17.8,5.3,21.7,45.5,30.5,4.18,2.32,0.06,3,1,agriculture,0,
2023-06-29,Sikkim,North Sikkim,V010,Chungthang,27.6167,88.65,1790,28.7,209.9,10.6,5.2,29.1,54.4,31.8,4.18,2.25,-0.07,3,1,forest,0,
2023-06-30,Sikkim,North Sikkim,V010,Chungthang,27.6167,88.65,1790,28.7,209.9,8.9,4.2,37.3,61.7,33.1,4.18,2.28,0.03,3,1,agriculture,0,
2023-07-01,Sikkim,North Sikkim,V010,Chungthang,27.6167,88.65,1790,28.7,209.9,6.2,2.6,25.7,60.3,33.8,4.18,2.14,-0.14,3,1,agriculture,0,
2023-07-02,Sikkim,North Sikkim,V010,Chungthang,27.6167,88.65,1790,28.7,209.9,14.3,7.1,29.4,61.7,34.3,4.18,2.3,0.16,3,1,forest,0,
2023-07-03,Sikkim,North Sikkim,V010,Chungthang,27.6167,88.65,1790,28.7,209.9,6.2,2.4,26.7,64.7,31.8,4.18,2.32,0.02,3,1,agriculture,0,
2023-07-04,Sikkim,North Sikkim,V010,Chungthang,27.6167,88.65,1790,28.7,209.9,10.2,4.8,30.7,74.2,34.1,4.18,2.33,0.01,3,1,built-up,0,
2023-07-05,Sikkim,North Sikkim,V010,Chungthang,27.6167,88.65,1790,28.7,209.9,21.9,6.6,38.3,78.3,38.5,4.18,2.48,0.15,3,1,forest,0,
2023-07-06,Sikkim,North Sikkim,V010,Chungthang,27.6167,88.65,1790,28.7,209.9,12.9,6.6,45.0,80.6,39.0,4.18,2.47,-0.01,3,1,agriculture,0,
2023-07-07,Sikkim,North Sikkim,V010,Chungthang,27.6167,88.65,1790,28.7,209.9,3.1,1.4,37.9,74.8,36.3,4.18,2.37,-0.1,3,1,built-up,0,
2023-07-08,Sikkim,North Sikkim,V010,Chungthang,27.6167,88.65,1790,28.7,209.9,36.4,19.7,52.4,105.0,46.8,4.18,2.72,0.35,3,1,forest,0,
2023-07-09,Sikkim,North Sikkim,V010,Chungthang,27.6167,88.65,1790,28.7,209.9,11.4,4.9,50.9,102.1,48.3,4.18,2.77,0.05,3,1,forest,0,
2023-07-10,Sikkim,North Sikkim,V010,Chungthang,27.6167,88.65,1790,28.7,209.9,3.4,1.6,51.2,99.3,45.7,4.18,2.62,-0.15,3,1,built-up,0,
2023-07-11,Sikkim,North Sikkim,V010,Chungthang,27.6167,88.65,1790,28.7,209.9,11.4,5.5,26.2,100.5,46.3,4.18,2.59,-0.03,3,1,forest,0,
2023-07-12,Sikkim,North Sikkim,V010,Chungthang,27.6167,88.65,1790,28.7,209.9,6.2,2.6,21.0,84.8,43.9,4.18,2.55,-0.04,3,1,agriculture,0,
2023-07-13,Sikkim,North Sikkim,V010,Chungthang,27.6167,88.65,1790,28.7,209.9,19.9,7.5,37.5,91.8,46.8,4.18,2.65,0.1,3,1,agriculture,0,
2023-07-14,Sikkim,North Sikkim,V010,Chungthang,27.6167,88.65,1790,28.7,209.9,38.4,17.6,64.5,127.1,56.0,4.18,2.98,0.33,3,1,built-up,0,
2023-07-15,Sikkim,North Sikkim,V010,Chungthang,27.6167,88.65,1790,28.7,209.9,22.1,8.9,80.4,112.8,58.9,4.18,3.1,0.12,3,1,forest,0,
2023-07-16,Sikkim,North Sikkim,V010,Chungthang,27.6167,88.65,1790,28.7,209.9,19.5,10.3,80.0,120.9,60.0,4.18,3.21,0.11,3,1,forest,0,
2023-07-17,Sikkim,North Sikkim,V010,Chungthang,27.6167,88.65,1790,28.7,209.9,21.1,9.2,62.7,138.6,60.0,4.18,3.3,0.09,3,1,forest,0,
2023-07-18,Sikkim,North Sikkim,V010,Chungthang,27.6167,88.65,1790,28.7,209.9,16.9,8.2,57.5,144.1,60.0,4.18,3.35,0.05,3,1,agriculture,0,
2023-07-19,Sikkim,North Sikkim,V010,Chungthang,27.6167,88.65,1790,28.7,209.9,1.2,0.6,39.2,139.1,53.8,4.18,3.14,-0.21,3,1,agriculture,0,
2023-07-20,Sikkim,North Sikkim,V010,Chungthang,27.6167,88.65,1790,28.7,209.9,20.6,8.5,38.7,139.8,57.4,4.18,3.29,0.15,3,1,agriculture,0,
2023-07-21,Sikkim,North Sikkim,V010,Chungthang,27.6167,88.65,1790,28.7,209.9,23.7,13.0,45.5,125.1,60.0,4.18,3.46,0.17,3,1,forest,0,
2023-07-22,Sikkim,North Sikkim,V010,Chungthang,27.6167,88.65,1790,28.7,209.9,5.3,1.9,49.6,108.3,56.2,4.18,3.48,0.02,3,1,agriculture,0,
2023-07-23,Sikkim,North Sikkim,V010,Chungthang,27.6167,88.65,1790,28.7,209.9,27.8,11.6,56.8,116.6,60.0,4.18,3.6,0.12,3,1,built-up,0,
2023-07-24,Sikkim,North Sikkim,V010,Chungthang,27.6167,88.65,1790,28.7,209.9,9.2,4.5,42.3,104.7,56.3,4.18,3.51,-0.09,3,1,barren,0,
2023-07-25,Sikkim,North Sikkim,V010,Chungthang,27.6167,88.65,1790,28.7,209.9,8.4,2.6,45.4,96.2,53.2,4.18,3.4,-0.11,3,1,forest,0,
2023-07-26,Sikkim,North Sikkim,V010,Chungthang,27.6167,88.65,1790,28.7,209.9,15.4,6.4,33.0,110.4,55.7,4.18,3.32,-0.08,3,1,forest,0,
2023-07-27,Sikkim,North Sikkim,V010,Chungthang,27.6167,88.65,1790,28.7,209.9,22.3,7.5,46.1,112.1,59.4,4.18,3.4,0.08,3,1,built-up,0,
2023-07-28,Sikkim,North Sikkim,V010,Chungthang,27.6167,88.65,1790,28.7,209.9,15.9,4.5,53.6,104.3,60.0,4.18,3.47,0.07,3,1,built-up,0,
2023-07-29,Sikkim,North Sikkim,V010,Chungthang,27.6167,88.65,1790,28.7,209.9,5.4,2.0,43.6,104.4,55.8,4.18,3.4,-0.07,3,1,forest,0,
2023-07-30,Sikkim,North Sikkim,V010,Chungthang,27.6167,88.65,1790,28.7,209.9,10.7,5.7,32.0,87.3,54.2,4.18,3.34,-0.06,3,1,forest,0,
2023-07-31,Sikkim,North Sikkim,V010,Chungthang,27.6167,88.65,1790,28.7,209.9,2.4,1.0,18.5,80.5,49.3,4.18,3.16,-0.18,3,1,agriculture,0,
2023-08-01,Sikkim,North Sikkim,V010,Chungthang,27.6167,88.65,1790,28.7,209.9,14.1,7.3,27.2,86.2,49.3,4.18,3.15,-0.01,3,1,agriculture,0,
2023-08-02,Sikkim,North Sikkim,V010,Chungthang,27.6167,88.65,1790,28.7,209.9,23.2,6.2,39.7,94.0,54.0,4.18,3.22,0.07,3,1,forest,0,
2023-08-03,Sikkim,North Sikkim,V010,Chungthang,27.6167,88.65,1790,28.7,209.9,6.3,2.4,43.6,78.0,53.2,4.18,3.14,-0.08,3,1,forest,0,
2023-08-04,Sikkim,North Sikkim,V010,Chungthang,27.6167,88.65,1790,28.7,209.9,7.4,3.5,36.9,69.5,50.3,4.18,3.02,-0.12,3,1,agriculture,0,
2023-08-05,Sikkim,North Sikkim,V010,Chungthang,27.6167,88.65,1790,28.7,209.9,22.3,9.3,36.0,86.4,57.1,4.18,3.12,0.1,3,1,built-up,0,
2023-08-06,Sikkim,North Sikkim,V010,Chungthang,27.6167,88.65,1790,28.7,209.9,16.6,9.0,46.3,92.3,57.5,4.18,3.09,-0.03,3,1,agriculture,0,
2023-08-07,Sikkim,North Sikkim,V010,Chungthang,27.6167,88.65,1790,28.7,209.9,11.0,4.9,49.9,100.9,57.4,4.18,2.99,-0.1,3,1,forest,0,
2023-08-08,Sikkim,North Sikkim,V010,Chungthang,27.6167,88.65,1790,28.7,209.9,1.8,0.9,29.4,88.6,53.0,4.18,2.76,-0.23,3,1,agriculture,0,
2023-08-09,Sikkim,North Sikkim,V010,Chungthang,27.6167,88.65,1790,28.7,209.9,8.4,4.3,21.2,73.8,49.7,4.18,2.7,-0.06,3,1,forest,0,
2023-08-10,Sikkim,North Sikkim,V010,Chungthang,27.6167,88.65,1790,28.7,209.9,5.4,2.8,15.6,72.9,46.4,4.18,2.64,-0.06,3,1,built-up,0,
2023-08-11,Sikkim,North Sikkim,V010,Chungthang,27.6167,88.65,1790,28.7,209.9,10.7,5.0,24.5,76.2,45.8,4.18,2.66,0.02,3,1,agriculture,0,
2023-08-12,Sikkim,North Sikkim,V010,Chungthang,27.6167,88.65,1790,28.7,209.9,9.9,2.6,26.0,63.8,44.9,4.18,2.61,-0.05,3,1,barren,0,
2023-08-13,Sikkim,North Sikkim,V010,Chungthang,27.6167,88.65,1790,28.7,209.9,18.8,8.5,39.4,66.0,46.7,4.18,2.77,0.16,3,1,built-up,0,
2023-08-14,Sikkim,North Sikkim,V010,Chungthang,27.6167,88.65,1790,28.7,209.9,19.5,5.7,48.2,74.5,48.1,4.18,2.88,0.11,3,1,built-up,0,
2023-08-15,Sikkim,North Sikkim,V010,Chungthang,27.6167,88.65,1790,28.7,209.9,3.1,0.8,41.4,75.8,44.4,4.18,2.84,-0.04,3,1,barren,0,
2023-08-16,Sikkim,North Sikkim,V010,Chungthang,27.6167,88.65,1790,28.7,209.9,21.8,10.5,44.4,89.2,46.1,4.18,2.86,0.02,3,1,forest,0,
2023-08-17,Sikkim,North Sikkim,V010,Chungthang,27.6167,88.65,1790,28.7,209.9,16.5,5.3,41.4,100.3,48.6,4.18,2.87,0.01,3,1,agriculture,0,
2023-08-18,Sikkim,North Sikkim,V010,Chungthang,27.6167,88.65,1790,28.7,209.9,13.6,6.7,51.9,103.2,50.8,4.18,2.82,-0.05,3,1,barren,0,
2023-08-19,Sikkim,North Sikkim,V010,Chungthang,27.6167,88.65,1790,28.7,209.9,26.2,10.0,56.3,119.5,57.5,4.18,3.1,0.28,3,1,agriculture,0,
2023-08-20,Sikkim,North Sikkim,V010,Chungthang,27.6167,88.65,1790,28.7,209.9,8.7,3.3,48.5,109.4,55.3,4.18,3.01,-0.09,3,1,forest,0,
2023-08-21,Sikkim,North Sikkim,V010,Chungthang,27.6167,88.65,1790,28.7,209.9,22.5,11.3,57.4,112.4,58.3,4.18,3.19,0.18,3,1,agriculture,0,
2023-08-22,Sikkim,North Sikkim,V010,Chungthang,27.6167,88.65,1790,28.7,209.9,5.8,2.5,37.0,115.1,55.6,4.18,3.05,-0.14,3,1,forest,0,
2023-08-23,Sikkim,North Sikkim,V010,Chungthang,27.6167,88.65,1790,28.7,209.9,22.3,6.7,50.6,115.6,58.9,4.18,3.26,0.21,3,1,forest,0,
2023-08-24,Sikkim,North Sikkim,V010,Chungthang,27.6167,88.65,1790,28.7,209.9,6.7,2.2,34.8,105.8,55.9,4.18,3.19,-0.07,3,1,forest,0,
2023-08-25,Sikkim,North Sikkim,V010,Chungthang,27.6167,88.65,1790,28.7,209.9,20.3,10.2,49.3,112.5,60.0,4.18,3.32,0.13,3,1,barren,0,
2023-08-26,Sikkim,North Sikkim,V010,Chungthang,27.6167,88.65,1790,28.7,209.9,20.7,5.3,47.7,107.0,60.0,4.18,3.42,0.1,3,1,agriculture,0,
2023-08-27,Sikkim,North Sikkim,V010,Chungthang,27.6167,88.65,1790,28.7,209.9,6.4,2.5,47.4,104.7,56.4,4.18,3.36,-0.06,3,1,agriculture,0,
2023-08-28,Sikkim,North Sikkim,V010,Chungthang,27.6167,88.65,1790,28.7,209.9,21.6,7.9,48.7,103.8,60.0,4.18,3.44,0.08,3,1,forest,0,
2023-08-29,Sikkim,North Sikkim,V010,Chungthang,27.6167,88.65,1790,28.7,209.9,18.3,6.9,46.3,116.3,60.0,4.18,3.45,0.01,3,1,barren,0,
2023-08-30,Sikkim,North Sikkim,V010,Chungthang,27.6167,88.65,1790,28.7,209.9,15.5,5.7,55.4,109.5,60.0,4.18,3.37,-0.08,3,1,agriculture,0,
2023-08-31,Sikkim,North Sikkim,V010,Chungthang,27.6167,88.65,1790,28.7,209.9,5.7,1.7,39.5,108.5,54.7,4.18,3.27,-0.1,3,1,forest,0,
2023-09-01,Sikkim,North Sikkim,V010,Chungthang,27.6167,88.65,1790,28.7,209.9,22.4,8.8,43.6,110.6,57.0,4.18,3.3,0.03,3,1,agriculture,0,
2023-09-02,Sikkim,North Sikkim,V010,Chungthang,27.6167,88.65,1790,28.7,209.9,1.7,0.9,29.8,91.6,51.8,4.18,3.15,-0.15,3,1,agriculture,0,
2023-09-03,Sikkim,North Sikkim,V010,Chungthang,27.6167,88.65,1790,28.7,209.9,5.4,2.6,29.5,90.6,49.2,4.18,3.02,-0.13,3,1,agriculture,0,
2023-09-04,Sikkim,North Sikkim,V010,Chungthang,27.6167,88.65,1790,28.7,209.9,3.6,1.3,10.7,72.6,45.3,4.18,2.89,-0.13,3,1,built-up,0,
2023-09-05,Sikkim,North Sikkim,V010,Chungthang,27.6167,88.65,1790,28.7,209.9,7.9,3.3,16.9,62.2,44.0,4.18,2.85,-0.04,3,1,agriculture,0,
2023-09-06,Sikkim,North Sikkim,V010,Chungthang,27.6167,88.65,1790,28.7,209.9,7.5,2.1,19.0,54.2,43.7,4.18,2.84,-0.01,3,1,barren,0,
2023-09-07,Sikkim,North Sikkim,V010,Chungthang,27.6167,88.65,1790,28.7,209.9,21.1,6.9,36.5,69.6,48.2,4.18,2.85,0.01,3,1,built-up,0,
2023-09-08,Sikkim,North Sikkim,V010,Chungthang,27.6167,88.65,1790,28.7,209.9,7.5,3.2,36.1,54.7,45.7,4.18,2.85,0.0,3,1,built-up,0,
2023-09-09,Sikkim,North Sikkim,V010,Chungthang,27.6167,88.65,1790,28.7,209.9,8.7,3.0,37.3,61.7,42.8,4.18,2.84,-0.01,3,1,barren,0,
2023-09-10,Sikkim,North Sikkim,V010,Chungthang,27.6167,88.65,1790,28.7,209.9,4.3,1.4,20.5,60.6,40.2,4.18,2.72,-0.12,3,1,barren,0,
2023-09-11,Sikkim,North Sikkim,V010,Chungthang,27.6167,88.65,1790,28.7,209.9,6.8,1.9,19.8,63.8,38.7,4.18,2.73,0.01,3,1,agriculture,0,
2023-09-12,Sikkim,North Sikkim,V010,Chungthang,27.6167,88.65,1790,28.7,209.9,14.7,3.8,25.8,70.6,38.3,4.18,2.73,0.0,3,1,forest,0,
2023-09-13,Sikkim,North Sikkim,V010,Chungthang,27.6167,88.65,1790,28.7,209.9,0.6,0.2,22.1,63.7,33.8,4.18,2.6,-0.13,3,1,agriculture,0,
2023-09-14,Sikkim,North Sikkim,V010,Chungthang,27.6167,88.65,1790,28.7,209.9,11.9,4.5,27.2,54.5,33.4,4.18,2.55,-0.05,3,1,barren,0,
2023-09-15,Sikkim,North Sikkim,V010,Chungthang,27.6167,88.65,1790,28.7,209.9,5.8,1.7,18.3,52.8,31.5,4.18,2.48,-0.07,3,1,forest,0,
2023-09-16,Sikkim,North Sikkim,V010,Chungthang,27.6167,88.65,1790,28.7,209.9,6.7,3.7,24.4,50.8,30.7,4.18,2.48,0.0,3,1,forest,0,
2023-09-17,Sikkim,North Sikkim,V010,Chungthang,27.6167,88.65,1790,28.7,209.9,5.7,2.7,18.2,52.2,30.0,4.18,2.41,-0.07,3,1,barren,0,
2023-09-18,Sikkim,North Sikkim,V010,Chungthang,27.6167,88.65,1790,28.7,209.9,8.2,2.8,20.6,53.6,30.6,4.18,2.48,0.07,3,1,agriculture,0,
2023-09-19,Sikkim,North Sikkim,V010,Chungthang,27.6167,88.65,1790,28.7,209.9,11.2,3.6,25.1,50.1,31.0,4.18,2.46,-0.02,3,1,agriculture,0,
2023-09-20,Sikkim,North Sikkim,V010,Chungthang,27.6167,88.65,1790,28.7,209.9,3.5,1.8,22.9,53.0,30.0,4.18,2.47,0.01,3,1,forest,0,
2023-09-21,Sikkim,North Sikkim,V010,Chungthang,27.6167,88.65,1790,28.7,209.9,3.1,1.2,17.8,44.2,28.7,4.18,2.43,-0.04,3,1,forest,0,
2023-09-22,Sikkim,North Sikkim,V010,Chungthang,27.6167,88.65,1790,28.7,209.9,4.9,2.2,11.5,43.3,27.7,4.18,2.41,-0.02,3,1,agriculture,0,
2023-09-23,Sikkim,North Sikkim,V010,Chungthang,27.6167,88.65,1790,28.7,209.9,6.9,3.1,14.9,43.5,28.4,4.18,2.33,-0.08,3,1,built-up,0,
2023-09-24,Sikkim,North Sikkim,V010,Chungthang,27.6167,88.65,1790,28.7,209.9,6.1,2.7,17.9,43.9,27.6,4.18,2.34,0.01,3,1,agriculture,0,
2023-09-25,Sikkim,North Sikkim,V010,Chungthang,27.6167,88.65,1790,28.7,209.9,1.3,0.5,14.3,37.0,26.6,4.18,2.24,-0.1,3,1,forest,0,
2023-09-26,Sikkim,North Sikkim,V010,Chungthang,27.6167,88.65,1790,28.7,209.9,7.4,3.6,14.8,33.2,27.6,4.18,2.27,0.03,3,1,forest,0,
2023-09-27,Sikkim,North Sikkim,V010,Chungthang,27.6167,88.65,1790,28.7,209.9,5.2,2.7,13.9,34.9,26.6,4.18,2.22,-0.05,3,1,agriculture,0,
2023-09-28,Sikkim,North Sikkim,V010,Chungthang,27.6167,88.65,1790,28.7,209.9,13.3,6.3,25.9,45.1,31.5,4.18,2.27,0.05,3,1,agriculture,0,
2023-09-29,Sikkim,North Sikkim,V010,Chungthang,27.6167,88.65,1790,28.7,209.9,2.0,0.6,20.5,42.2,29.1,4.18,2.21,-0.06,3,1,agriculture,0,
2023-09-30,Sikkim,North Sikkim,V010,Chungthang,27.6167,88.65,1790,28.7,209.9,1.4,0.7,16.7,36.7,26.0,4.18,2.07,-0.14,3,1,barren,0,
2023-10-01,Sikkim,North Sikkim,V010,Chungthang,27.6167,88.65,1790,28.7,209.9,9.9,4.1,13.3,40.5,28.2,4.18,2.07,0.0,3,1,agriculture,0,
2023-10-02,Sikkim,North Sikkim,V010,Chungthang,27.6167,88.65,1790,28.7,209.9,1.9,0.9,13.2,41.1,27.1,4.18,1.97,-0.1,3,1,forest,0,
2023-10-03,Sikkim,North Sikkim,V010,Chungthang,27.6167,88.65,1790,28.7,209.9,5.4,2.1,17.2,39.1,26.8,4.18,1.92,-0.05,3,1,forest,0,
2023-10-04,Sikkim,North Sikkim,V010,Chungthang,27.6167,88.65,1790,28.7,209.9,142.3,50.3,149.6,176.2,60.0,4.18,3.57,1.65,3,1,built-up,1,4
2023-10-05,Sikkim,North Sikkim,V010,Chungthang,27.6167,88.65,1790,28.7,209.9,3.5,1.9,151.2,166.4,56.9,4.18,3.43,-0.14,3,1,forest,0,
2023-10-06,Sikkim,North Sikkim,V010,Chungthang,27.6167,88.65,1790,28.7,209.9,16.2,6.6,162.0,180.6,60.0,4.18,3.49,0.06,3,1,barren,0,
2023-10-07,Sikkim,North Sikkim,V010,Chungthang,27.6167,88.65,1790,28.7,209.9,2.5,1.0,22.2,181.7,53.1,4.18,3.4,-0.09,3,1,built-up,0,
2023-10-08,Sikkim,North Sikkim,V010,Chungthang,27.6167,88.65,1790,28.7,209.9,7.9,3.0,26.6,179.7,50.8,4.18,3.32,-0.08,3,1,agriculture,0,
2023-10-09,Sikkim,North Sikkim,V010,Chungthang,27.6167,88.65,1790,28.7,209.9,2.0,0.6,12.4,179.8,45.7,4.18,3.1,-0.22,3,1,forest,0,
2023-10-10,Sikkim,North Sikkim,V010,Chungthang,27.6167,88.65,1790,28.7,209.9,13.8,4.0,23.7,188.2,45.5,4.18,3.13,0.03,3,1,agriculture,0,
